Cement,BlastFurnaceSlag,FlyAsh,Water,Superplasticizer,CoarseAggregate,FineAggregate,Age,CompressiveStrength,WaterCementRatio,TotalBinder,WaterBinderRatio,TotalAggregate,FineAggregateRatio,CoarseAggregateRatio,CementRatio,SCM,SCMPercentage,LogAge
540.0,0.0,0.0,162.0,2.5,1040.0,676.0,28,79.99,0.3,540.0,0.3,1716.0,0.3939393939393939,0.6060606060606061,1.0,0.0,0.0,3.367295829986474
540.0,0.0,0.0,162.0,2.5,1055.0,676.0,28,61.89,0.3,540.0,0.3,1731.0,0.39052570768342,0.60947429231658,1.0,0.0,0.0,3.367295829986474
332.5,142.5,0.0,228.0,0.0,932.0,594.0,270,40.27,0.6857142857142857,475.0,0.48,1526.0,0.3892529488859764,0.6107470511140236,0.7,142.5,0.3,5.602118820879701
332.5,142.5,0.0,228.0,0.0,932.0,594.0,365,41.05,0.6857142857142857,475.0,0.48,1526.0,0.3892529488859764,0.6107470511140236,0.7,142.5,0.3,5.902633333401366
198.6,132.4,0.0,192.0,0.0,978.4,825.5,360,44.3,0.9667673716012085,331.0,0.5800604229607251,1803.9,0.4576196019735018,0.5423803980264981,0.6,132.4,0.4,5.8888779583328805
266.0,114.0,0.0,228.0,0.0,932.0,670.0,90,47.03,0.8571428571428571,380.0,0.6,1602.0,0.418227215980025,0.581772784019975,0.7,114.0,0.3,4.51085950651685
380.0,95.0,0.0,228.0,0.0,932.0,594.0,365,43.7,0.6,475.0,0.48,1526.0,0.3892529488859764,0.6107470511140236,0.8,95.0,0.2,5.902633333401366
380.0,95.0,0.0,228.0,0.0,932.0,594.0,28,36.45,0.6,475.0,0.48,1526.0,0.3892529488859764,0.6107470511140236,0.8,95.0,0.2,3.367295829986474
266.0,114.0,0.0,228.0,0.0,932.0,670.0,28,45.85,0.8571428571428571,380.0,0.6,1602.0,0.418227215980025,0.581772784019975,0.7,114.0,0.3,3.367295829986474
475.0,0.0,0.0,228.0,0.0,932.0,594.0,28,39.29,0.48,475.0,0.48,1526.0,0.3892529488859764,0.6107470511140236,1.0,0.0,0.0,3.367295829986474
198.6,132.4,0.0,192.0,0.0,978.4,825.5,90,38.07,0.9667673716012085,331.0,0.5800604229607251,1803.9,0.4576196019735018,0.5423803980264981,0.6,132.4,0.4,4.51085950651685
198.6,132.4,0.0,192.0,0.0,978.4,825.5,28,28.02,0.9667673716012085,331.0,0.5800604229607251,1803.9,0.4576196019735018,0.5423803980264981,0.6,132.4,0.4,3.367295829986474
427.5,47.5,0.0,228.0,0.0,932.0,594.0,270,43.01,0.5333333333333333,475.0,0.48,1526.0,0.3892529488859764,0.6107470511140236,0.9,47.5,0.1,5.602118820879701
190.0,190.0,0.0,228.0,0.0,932.0,670.0,90,42.33,1.2,380.0,0.6,1602.0,0.418227215980025,0.581772784019975,0.5,190.0,0.5,4.51085950651685
304.0,76.0,0.0,228.0,0.0,932.0,670.0,28,47.81,0.75,380.0,0.6,1602.0,0.418227215980025,0.581772784019975,0.8,76.0,0.2,3.367295829986474
380.0,0.0,0.0,228.0,0.0,932.0,670.0,90,52.91,0.6,380.0,0.6,1602.0,0.418227215980025,0.581772784019975,1.0,0.0,0.0,4.51085950651685
139.6,209.4,0.0,192.0,0.0,1047.0,806.9,90,39.36,1.3753581661891119,349.0,0.5501432664756447,1853.9,0.43524461945088727,0.5647553805491127,0.39999999999999997,209.4,0.6,4.51085950651685
342.0,38.0,0.0,228.0,0.0,932.0,670.0,365,56.14,0.6666666666666666,380.0,0.6,1602.0,0.418227215980025,0.581772784019975,0.9,38.0,0.1,5.902633333401366
380.0,95.0,0.0,228.0,0.0,932.0,594.0,90,40.56,0.6,475.0,0.48,1526.0,0.3892529488859764,0.6107470511140236,0.8,95.0,0.2,4.51085950651685
475.0,0.0,0.0,228.0,0.0,932.0,594.0,180,42.62,0.48,475.0,0.48,1526.0,0.3892529488859764,0.6107470511140236,1.0,0.0,0.0,5.198497031265826
427.5,47.5,0.0,228.0,0.0,932.0,594.0,180,41.84,0.5333333333333333,475.0,0.48,1526.0,0.3892529488859764,0.6107470511140236,0.9,47.5,0.1,5.198497031265826
139.6,209.4,0.0,192.0,0.0,1047.0,806.9,28,28.24,1.3753581661891119,349.0,0.5501432664756447,1853.9,0.43524461945088727,0.5647553805491127,0.39999999999999997,209.4,0.6,3.367295829986474
139.6,209.4,0.0,192.0,0.0,1047.0,806.9,3,8.06,1.3753581661891119,349.0,0.5501432664756447,1853.9,0.43524461945088727,0.5647553805491127,0.39999999999999997,209.4,0.6,1.3862943611198906
139.6,209.4,0.0,192.0,0.0,1047.0,806.9,180,44.21,1.3753581661891119,349.0,0.5501432664756447,1853.9,0.43524461945088727,0.5647553805491127,0.39999999999999997,209.4,0.6,5.198497031265826
380.0,0.0,0.0,228.0,0.0,932.0,670.0,365,52.52,0.6,380.0,0.6,1602.0,0.418227215980025,0.581772784019975,1.0,0.0,0.0,5.902633333401366
380.0,0.0,0.0,228.0,0.0,932.0,670.0,270,53.3,0.6,380.0,0.6,1602.0,0.418227215980025,0.581772784019975,1.0,0.0,0.0,5.602118820879701
380.0,95.0,0.0,228.0,0.0,932.0,594.0,270,41.15,0.6,475.0,0.48,1526.0,0.3892529488859764,0.6107470511140236,0.8,95.0,0.2,5.602118820879701
342.0,38.0,0.0,228.0,0.0,932.0,670.0,180,52.12,0.6666666666666666,380.0,0.6,1602.0,0.418227215980025,0.581772784019975,0.9,38.0,0.1,5.198497031265826
427.5,47.5,0.0,228.0,0.0,932.0,594.0,28,37.43,0.5333333333333333,475.0,0.48,1526.0,0.3892529488859764,0.6107470511140236,0.9,47.5,0.1,3.367295829986474
475.0,0.0,0.0,228.0,0.0,932.0,594.0,7,38.6,0.48,475.0,0.48,1526.0,0.3892529488859764,0.6107470511140236,1.0,0.0,0.0,2.0794415416798357
304.0,76.0,0.0,228.0,0.0,932.0,670.0,365,55.26,0.75,380.0,0.6,1602.0,0.418227215980025,0.581772784019975,0.8,76.0,0.2,5.902633333401366
266.0,114.0,0.0,228.0,0.0,932.0,670.0,365,52.91,0.8571428571428571,380.0,0.6,1602.0,0.418227215980025,0.581772784019975,0.7,114.0,0.3,5.902633333401366
198.6,132.4,0.0,192.0,0.0,978.4,825.5,180,41.72,0.9667673716012085,331.0,0.5800604229607251,1803.9,0.4576196019735018,0.5423803980264981,0.6,132.4,0.4,5.198497031265826
475.0,0.0,0.0,228.0,0.0,932.0,594.0,270,42.13,0.48,475.0,0.48,1526.0,0.3892529488859764,0.6107470511140236,1.0,0.0,0.0,5.602118820879701
190.0,190.0,0.0,228.0,0.0,932.0,670.0,365,53.69,1.2,380.0,0.6,1602.0,0.418227215980025,0.581772784019975,0.5,190.0,0.5,5.902633333401366
237.5,237.5,0.0,228.0,0.0,932.0,594.0,270,38.41,0.96,475.0,0.48,1526.0,0.3892529488859764,0.6107470511140236,0.5,237.5,0.5,5.602118820879701
237.5,237.5,0.0,228.0,0.0,932.0,594.0,28,30.08,0.96,475.0,0.48,1526.0,0.3892529488859764,0.6107470511140236,0.5,237.5,0.5,3.367295829986474
332.5,142.5,0.0,228.0,0.0,932.0,594.0,90,37.72,0.6857142857142857,475.0,0.48,1526.0,0.3892529488859764,0.6107470511140236,0.7,142.5,0.3,4.51085950651685
475.0,0.0,0.0,228.0,0.0,932.0,594.0,90,42.23,0.48,475.0,0.48,1526.0,0.3892529488859764,0.6107470511140236,1.0,0.0,0.0,4.51085950651685
237.5,237.5,0.0,228.0,0.0,932.0,594.0,180,36.25,0.96,475.0,0.48,1526.0,0.3892529488859764,0.6107470511140236,0.5,237.5,0.5,5.198497031265826
342.0,38.0,0.0,228.0,0.0,932.0,670.0,90,50.46,0.6666666666666666,380.0,0.6,1602.0,0.418227215980025,0.581772784019975,0.9,38.0,0.1,4.51085950651685
427.5,47.5,0.0,228.0,0.0,932.0,594.0,365,43.7,0.5333333333333333,475.0,0.48,1526.0,0.3892529488859764,0.6107470511140236,0.9,47.5,0.1,5.902633333401366
237.5,237.5,0.0,228.0,0.0,932.0,594.0,365,39.0,0.96,475.0,0.48,1526.0,0.3892529488859764,0.6107470511140236,0.5,237.5,0.5,5.902633333401366
380.0,0.0,0.0,228.0,0.0,932.0,670.0,180,53.1,0.6,380.0,0.6,1602.0,0.418227215980025,0.581772784019975,1.0,0.0,0.0,5.198497031265826
427.5,47.5,0.0,228.0,0.0,932.0,594.0,90,41.54,0.5333333333333333,475.0,0.48,1526.0,0.3892529488859764,0.6107470511140236,0.9,47.5,0.1,4.51085950651685
427.5,47.5,0.0,228.0,0.0,932.0,594.0,7,35.08,0.5333333333333333,475.0,0.48,1526.0,0.3892529488859764,0.6107470511140236,0.9,47.5,0.1,2.0794415416798357
349.0,0.0,0.0,192.0,0.0,1047.0,806.9,3,15.05,0.5501432664756447,349.0,0.5501432664756447,1853.9,0.43524461945088727,0.5647553805491127,1.0,0.0,0.0,1.3862943611198906
380.0,95.0,0.0,228.0,0.0,932.0,594.0,180,40.76,0.6,475.0,0.48,1526.0,0.3892529488859764,0.6107470511140236,0.8,95.0,0.2,5.198497031265826
237.5,237.5,0.0,228.0,0.0,932.0,594.0,7,26.26,0.96,475.0,0.48,1526.0,0.3892529488859764,0.6107470511140236,0.5,237.5,0.5,2.0794415416798357
380.0,95.0,0.0,228.0,0.0,932.0,594.0,7,32.82,0.6,475.0,0.48,1526.0,0.3892529488859764,0.6107470511140236,0.8,95.0,0.2,2.0794415416798357
332.5,142.5,0.0,228.0,0.0,932.0,594.0,180,39.78,0.6857142857142857,475.0,0.48,1526.0,0.3892529488859764,0.6107470511140236,0.7,142.5,0.3,5.198497031265826
190.0,190.0,0.0,228.0,0.0,932.0,670.0,180,46.93,1.2,380.0,0.6,1602.0,0.418227215980025,0.581772784019975,0.5,190.0,0.5,5.198497031265826
237.5,237.5,0.0,228.0,0.0,932.0,594.0,90,33.12,0.96,475.0,0.48,1526.0,0.3892529488859764,0.6107470511140236,0.5,237.5,0.5,4.51085950651685
304.0,76.0,0.0,228.0,0.0,932.0,670.0,90,49.19,0.75,380.0,0.6,1602.0,0.418227215980025,0.581772784019975,0.8,76.0,0.2,4.51085950651685
139.6,209.4,0.0,192.0,0.0,1047.0,806.9,7,14.59,1.3753581661891119,349.0,0.5501432664756447,1853.9,0.43524461945088727,0.5647553805491127,0.39999999999999997,209.4,0.6,2.0794415416798357
198.6,132.4,0.0,192.0,0.0,978.4,825.5,7,14.64,0.9667673716012085,331.0,0.5800604229607251,1803.9,0.4576196019735018,0.5423803980264981,0.6,132.4,0.4,2.0794415416798357
475.0,0.0,0.0,228.0,0.0,932.0,594.0,365,41.93,0.48,475.0,0.48,1526.0,0.3892529488859764,0.6107470511140236,1.0,0.0,0.0,5.902633333401366
198.6,132.4,0.0,192.0,0.0,978.4,825.5,3,9.13,0.9667673716012085,331.0,0.5800604229607251,1803.9,0.4576196019735018,0.5423803980264981,0.6,132.4,0.4,1.3862943611198906
304.0,76.0,0.0,228.0,0.0,932.0,670.0,180,50.95,0.75,380.0,0.6,1602.0,0.418227215980025,0.581772784019975,0.8,76.0,0.2,5.198497031265826
332.5,142.5,0.0,228.0,0.0,932.0,594.0,28,33.02,0.6857142857142857,475.0,0.48,1526.0,0.3892529488859764,0.6107470511140236,0.7,142.5,0.3,3.367295829986474
304.0,76.0,0.0,228.0,0.0,932.0,670.0,270,54.38,0.75,380.0,0.6,1602.0,0.418227215980025,0.581772784019975,0.8,76.0,0.2,5.602118820879701
266.0,114.0,0.0,228.0,0.0,932.0,670.0,270,51.73,0.8571428571428571,380.0,0.6,1602.0,0.418227215980025,0.581772784019975,0.7,114.0,0.3,5.602118820879701
310.0,0.0,0.0,192.0,0.0,971.0,850.6,3,9.87,0.6193548387096774,310.0,0.6193548387096774,1821.6,0.4669521299956083,0.5330478700043918,1.0,0.0,0.0,1.3862943611198906
190.0,190.0,0.0,228.0,0.0,932.0,670.0,270,50.66,1.2,380.0,0.6,1602.0,0.418227215980025,0.581772784019975,0.5,190.0,0.5,5.602118820879701
266.0,114.0,0.0,228.0,0.0,932.0,670.0,180,48.7,0.8571428571428571,380.0,0.6,1602.0,0.418227215980025,0.581772784019975,0.7,114.0,0.3,5.198497031265826
342.0,38.0,0.0,228.0,0.0,932.0,670.0,270,55.06,0.6666666666666666,380.0,0.6,1602.0,0.418227215980025,0.581772784019975,0.9,38.0,0.1,5.602118820879701
139.6,209.4,0.0,192.0,0.0,1047.0,806.9,360,44.7,1.3753581661891119,349.0,0.5501432664756447,1853.9,0.43524461945088727,0.5647553805491127,0.39999999999999997,209.4,0.6,5.8888779583328805
332.5,142.5,0.0,228.0,0.0,932.0,594.0,7,30.28,0.6857142857142857,475.0,0.48,1526.0,0.3892529488859764,0.6107470511140236,0.7,142.5,0.3,2.0794415416798357
190.0,190.0,0.0,228.0,0.0,932.0,670.0,28,40.86,1.2,380.0,0.6,1602.0,0.418227215980025,0.581772784019975,0.5,190.0,0.5,3.367295829986474
485.0,0.0,0.0,146.0,0.0,1120.0,800.0,28,71.99,0.30103092783505153,485.0,0.30103092783505153,1920.0,0.4166666666666667,0.5833333333333334,1.0,0.0,0.0,3.367295829986474
374.0,189.2,0.0,170.1,10.1,926.1,756.7,3,34.4,0.4548128342245989,563.2,0.3020241477272727,1682.8000000000002,0.4496672212978369,0.550332778702163,0.6640625,189.2,0.33593749999999994,1.3862943611198906
313.3,262.2,0.0,175.5,8.6,1046.9,611.8,3,28.8,0.5601659751037344,575.5,0.3049522154648132,1658.7,0.3688430698739977,0.6311569301260024,0.544396177237185,262.2,0.4556038227628149,1.3862943611198906
425.0,106.3,0.0,153.5,16.5,852.1,887.1,3,33.4,0.3611764705882353,531.3,0.2889139845661585,1739.2,0.5100620975160993,0.4899379024839006,0.7999247129681913,106.3,0.2000752870318088,1.3862943611198906
425.0,106.3,0.0,151.4,18.6,936.0,803.7,3,36.3,0.3562352941176471,531.3,0.284961415396198,1739.7,0.4619762027935851,0.5380237972064149,0.7999247129681913,106.3,0.2000752870318088,1.3862943611198906
375.0,93.8,0.0,126.6,23.4,852.1,992.6,3,29.0,0.3376,468.8,0.27005119453924914,1844.7,0.5380820729657939,0.4619179270342061,0.7999146757679181,93.8,0.2000853242320819,1.3862943611198906
475.0,118.8,0.0,181.1,8.9,852.1,781.5,3,37.8,0.3812631578947368,593.8,0.30498484338160997,1633.6,0.4783912830558276,0.5216087169441724,0.7999326372515999,118.8,0.20006736274840015,1.3862943611198906
469.0,117.2,0.0,137.8,32.2,852.1,840.5,3,40.2,0.293816631130064,586.2,0.23507335380416242,1692.6,0.49657331915396435,0.5034266808460357,0.8000682360968951,117.2,0.19993176390310474,1.3862943611198906
388.6,97.1,0.0,157.9,12.1,852.1,925.7,3,28.1,0.40633041688111166,485.70000000000005,0.32509779699402924,1777.8000000000002,0.5206997412532343,0.47930025874676563,0.800082355363393,97.1,0.19991764463660694,1.3862943611198906
531.3,0.0,0.0,141.8,28.2,852.1,893.7,3,41.3,0.26689252776209305,531.3,0.26689252776209305,1745.8000000000002,0.5119143086264176,0.48808569137358226,1.0,0.0,0.0,1.3862943611198906
318.8,212.5,0.0,155.7,14.3,852.1,880.4,3,25.2,0.4883939774153073,531.3,0.2930547713156409,1732.5,0.5081673881673882,0.49183261183261184,0.6000376435159045,212.5,0.39996235648409567,1.3862943611198906
401.8,94.7,0.0,147.4,11.4,946.8,852.1,3,41.1,0.3668491786958686,496.5,0.29687814702920445,1798.9,0.47367835899716493,0.526321641002835,0.809264853977845,94.7,0.19073514602215508,1.3862943611198906
362.6,189.0,0.0,164.9,11.6,944.7,755.8,3,35.3,0.4547710976282405,551.6,0.2989485134155185,1700.5,0.4444575124963246,0.5555424875036754,0.6573604060913706,189.0,0.3426395939086294,1.3862943611198906
323.7,282.8,0.0,183.8,10.3,942.7,659.9,3,28.3,0.5678097003398209,606.5,0.30305028854080795,1602.6,0.4117683763883689,0.5882316236116312,0.5337180544105523,282.8,0.4662819455894477,1.3862943611198906
379.5,151.2,0.0,153.9,15.9,1134.3,605.0,3,28.6,0.40553359683794465,530.7,0.2899943470887507,1739.3,0.3478410854941643,0.6521589145058356,0.7150932730356133,151.2,0.2849067269643866,1.3862943611198906
286.3,200.9,0.0,144.7,11.2,1004.6,803.7,3,24.4,0.505413901501921,487.20000000000005,0.2970032840722495,1808.3000000000002,0.4444505889509484,0.5555494110490515,0.5876436781609196,200.9,0.41235632183908044,1.3862943611198906
439.0,177.0,0.0,186.0,11.1,884.9,707.9,3,39.3,0.42369020501138954,616.0,0.30194805194805197,1592.8,0.44443746860873934,0.5555625313912607,0.7126623376623377,177.0,0.28733766233766234,1.3862943611198906
389.9,189.0,0.0,145.9,22.0,944.7,755.8,3,40.6,0.37419851243908697,578.9,0.25202971152185183,1700.5,0.4444575124963246,0.5555424875036754,0.6735187424425635,189.0,0.3264812575574365,1.3862943611198906
337.9,189.0,0.0,174.9,9.5,944.7,755.8,3,24.1,0.5176087599881622,526.9,0.33194154488517746,1700.5,0.4444575124963246,0.5555424875036754,0.6412981590434618,189.0,0.35870184095653823,1.3862943611198906
374.0,189.2,0.0,170.1,10.1,926.1,756.7,7,46.2,0.4548128342245989,563.2,0.3020241477272727,1682.8000000000002,0.4496672212978369,0.550332778702163,0.6640625,189.2,0.33593749999999994,2.0794415416798357
313.3,262.2,0.0,175.5,8.6,1046.9,611.8,7,42.8,0.5601659751037344,575.5,0.3049522154648132,1658.7,0.3688430698739977,0.6311569301260024,0.544396177237185,262.2,0.4556038227628149,2.0794415416798357
425.0,106.3,0.0,153.5,16.5,852.1,887.1,7,49.2,0.3611764705882353,531.3,0.2889139845661585,1739.2,0.5100620975160993,0.4899379024839006,0.7999247129681913,106.3,0.2000752870318088,2.0794415416798357
425.0,106.3,0.0,151.4,18.6,936.0,803.7,7,46.8,0.3562352941176471,531.3,0.284961415396198,1739.7,0.4619762027935851,0.5380237972064149,0.7999247129681913,106.3,0.2000752870318088,2.0794415416798357
375.0,93.8,0.0,126.6,23.4,852.1,992.6,7,45.7,0.3376,468.8,0.27005119453924914,1844.7,0.5380820729657939,0.4619179270342061,0.7999146757679181,93.8,0.2000853242320819,2.0794415416798357
475.0,118.8,0.0,181.1,8.9,852.1,781.5,7,55.6,0.3812631578947368,593.8,0.30498484338160997,1633.6,0.4783912830558276,0.5216087169441724,0.7999326372515999,118.8,0.20006736274840015,2.0794415416798357
469.0,117.2,0.0,137.8,32.2,852.1,840.5,7,54.9,0.293816631130064,586.2,0.23507335380416242,1692.6,0.49657331915396435,0.5034266808460357,0.8000682360968951,117.2,0.19993176390310474,2.0794415416798357
388.6,97.1,0.0,157.9,12.1,852.1,925.7,7,34.9,0.40633041688111166,485.70000000000005,0.32509779699402924,1777.8000000000002,0.5206997412532343,0.47930025874676563,0.800082355363393,97.1,0.19991764463660694,2.0794415416798357
531.3,0.0,0.0,141.8,28.2,852.1,893.7,7,46.9,0.26689252776209305,531.3,0.26689252776209305,1745.8000000000002,0.5119143086264176,0.48808569137358226,1.0,0.0,0.0,2.0794415416798357
318.8,212.5,0.0,155.7,14.3,852.1,880.4,7,33.4,0.4883939774153073,531.3,0.2930547713156409,1732.5,0.5081673881673882,0.49183261183261184,0.6000376435159045,212.5,0.39996235648409567,2.0794415416798357
401.8,94.7,0.0,147.4,11.4,946.8,852.1,7,54.1,0.3668491786958686,496.5,0.29687814702920445,1798.9,0.47367835899716493,0.526321641002835,0.809264853977845,94.7,0.19073514602215508,2.0794415416798357
362.6,189.0,0.0,164.9,11.6,944.7,755.8,7,55.9,0.4547710976282405,551.6,0.2989485134155185,1700.5,0.4444575124963246,0.5555424875036754,0.6573604060913706,189.0,0.3426395939086294,2.0794415416798357
323.7,282.8,0.0,183.8,10.3,942.7,659.9,7,49.8,0.5678097003398209,606.5,0.30305028854080795,1602.6,0.4117683763883689,0.5882316236116312,0.5337180544105523,282.8,0.4662819455894477,2.0794415416798357
379.5,151.2,0.0,153.9,15.9,1134.3,605.0,7,47.1,0.40553359683794465,530.7,0.2899943470887507,1739.3,0.3478410854941643,0.6521589145058356,0.7150932730356133,151.2,0.2849067269643866,2.0794415416798357
286.3,200.9,0.0,144.7,11.2,1004.6,803.7,7,38.0,0.505413901501921,487.20000000000005,0.2970032840722495,1808.3000000000002,0.4444505889509484,0.5555494110490515,0.5876436781609196,200.9,0.41235632183908044,2.0794415416798357
439.0,177.0,0.0,186.0,11.1,884.9,707.9,7,56.1,0.42369020501138954,616.0,0.30194805194805197,1592.8,0.44443746860873934,0.5555625313912607,0.7126623376623377,177.0,0.28733766233766234,2.0794415416798357
389.9,189.0,0.0,145.9,22.0,944.7,755.8,7,59.09,0.37419851243908697,578.9,0.25202971152185183,1700.5,0.4444575124963246,0.5555424875036754,0.6735187424425635,189.0,0.3264812575574365,2.0794415416798357
362.6,189.0,0.0,164.9,11.6,944.7,755.8,7,22.9,0.4547710976282405,551.6,0.2989485134155185,1700.5,0.4444575124963246,0.5555424875036754,0.6573604060913706,189.0,0.3426395939086294,2.0794415416798357
337.9,189.0,0.0,174.9,9.5,944.7,755.8,7,35.1,0.5176087599881622,526.9,0.33194154488517746,1700.5,0.4444575124963246,0.5555424875036754,0.6412981590434618,189.0,0.35870184095653823,2.0794415416798357
374.0,189.2,0.0,170.1,10.1,926.1,756.7,28,61.09,0.4548128342245989,563.2,0.3020241477272727,1682.8000000000002,0.4496672212978369,0.550332778702163,0.6640625,189.2,0.33593749999999994,3.367295829986474
313.3,262.2,0.0,175.5,8.6,1046.9,611.8,28,59.8,0.5601659751037344,575.5,0.3049522154648132,1658.7,0.3688430698739977,0.6311569301260024,0.544396177237185,262.2,0.4556038227628149,3.367295829986474
425.0,106.3,0.0,153.5,16.5,852.1,887.1,28,60.29,0.3611764705882353,531.3,0.2889139845661585,1739.2,0.5100620975160993,0.4899379024839006,0.7999247129681913,106.3,0.2000752870318088,3.367295829986474
425.0,106.3,0.0,151.4,18.6,936.0,803.7,28,61.8,0.3562352941176471,531.3,0.284961415396198,1739.7,0.4619762027935851,0.5380237972064149,0.7999247129681913,106.3,0.2000752870318088,3.367295829986474
375.0,93.8,0.0,126.6,23.4,852.1,992.6,28,56.7,0.3376,468.8,0.27005119453924914,1844.7,0.5380820729657939,0.4619179270342061,0.7999146757679181,93.8,0.2000853242320819,3.367295829986474
475.0,118.8,0.0,181.1,8.9,852.1,781.5,28,68.3,0.3812631578947368,593.8,0.30498484338160997,1633.6,0.4783912830558276,0.5216087169441724,0.7999326372515999,118.8,0.20006736274840015,3.367295829986474
469.0,117.2,0.0,137.8,32.2,852.1,840.5,28,66.9,0.293816631130064,586.2,0.23507335380416242,1692.6,0.49657331915396435,0.5034266808460357,0.8000682360968951,117.2,0.19993176390310474,3.367295829986474
388.6,97.1,0.0,157.9,12.1,852.1,925.7,28,50.7,0.40633041688111166,485.70000000000005,0.32509779699402924,1777.8000000000002,0.5206997412532343,0.47930025874676563,0.800082355363393,97.1,0.19991764463660694,3.367295829986474
531.3,0.0,0.0,141.8,28.2,852.1,893.7,28,56.4,0.26689252776209305,531.3,0.26689252776209305,1745.8000000000002,0.5119143086264176,0.48808569137358226,1.0,0.0,0.0,3.367295829986474
318.8,212.5,0.0,155.7,14.3,852.1,880.4,28,55.5,0.4883939774153073,531.3,0.2930547713156409,1732.5,0.5081673881673882,0.49183261183261184,0.6000376435159045,212.5,0.39996235648409567,3.367295829986474
401.8,94.7,0.0,147.4,11.4,946.8,852.1,28,68.5,0.3668491786958686,496.5,0.29687814702920445,1798.9,0.47367835899716493,0.526321641002835,0.809264853977845,94.7,0.19073514602215508,3.367295829986474
362.6,189.0,0.0,164.9,11.6,944.7,755.8,28,71.3,0.4547710976282405,551.6,0.2989485134155185,1700.5,0.4444575124963246,0.5555424875036754,0.6573604060913706,189.0,0.3426395939086294,3.367295829986474
323.7,282.8,0.0,183.8,10.3,942.7,659.9,28,74.7,0.5678097003398209,606.5,0.30305028854080795,1602.6,0.4117683763883689,0.5882316236116312,0.5337180544105523,282.8,0.4662819455894477,3.367295829986474
379.5,151.2,0.0,153.9,15.9,1134.3,605.0,28,52.2,0.40553359683794465,530.7,0.2899943470887507,1739.3,0.3478410854941643,0.6521589145058356,0.7150932730356133,151.2,0.2849067269643866,3.367295829986474
286.3,200.9,0.0,144.7,11.2,1004.6,803.7,28,67.7,0.505413901501921,487.20000000000005,0.2970032840722495,1808.3000000000002,0.4444505889509484,0.5555494110490515,0.5876436781609196,200.9,0.41235632183908044,3.367295829986474
439.0,177.0,0.0,186.0,11.1,884.9,707.9,28,66.0,0.42369020501138954,616.0,0.30194805194805197,1592.8,0.44443746860873934,0.5555625313912607,0.7126623376623377,177.0,0.28733766233766234,3.367295829986474
389.9,189.0,0.0,145.9,22.0,944.7,755.8,28,74.5,0.37419851243908697,578.9,0.25202971152185183,1700.5,0.4444575124963246,0.5555424875036754,0.6735187424425635,189.0,0.3264812575574365,3.367295829986474
337.9,189.0,0.0,174.9,9.5,944.7,755.8,28,49.9,0.5176087599881622,526.9,0.33194154488517746,1700.5,0.4444575124963246,0.5555424875036754,0.6412981590434618,189.0,0.35870184095653823,3.367295829986474
374.0,189.2,0.0,170.1,10.1,926.1,756.7,56,63.4,0.4548128342245989,563.2,0.3020241477272727,1682.8000000000002,0.4496672212978369,0.550332778702163,0.6640625,189.2,0.33593749999999994,4.04305126783455
313.3,262.2,0.0,175.5,8.6,1046.9,611.8,56,64.9,0.5601659751037344,575.5,0.3049522154648132,1658.7,0.3688430698739977,0.6311569301260024,0.544396177237185,262.2,0.4556038227628149,4.04305126783455
425.0,106.3,0.0,153.5,16.5,852.1,887.1,56,64.3,0.3611764705882353,531.3,0.2889139845661585,1739.2,0.5100620975160993,0.4899379024839006,0.7999247129681913,106.3,0.2000752870318088,4.04305126783455
425.0,106.3,0.0,151.4,18.6,936.0,803.7,56,64.9,0.3562352941176471,531.3,0.284961415396198,1739.7,0.4619762027935851,0.5380237972064149,0.7999247129681913,106.3,0.2000752870318088,4.04305126783455
375.0,93.8,0.0,126.6,23.4,852.1,992.6,56,60.2,0.3376,468.8,0.27005119453924914,1844.7,0.5380820729657939,0.4619179270342061,0.7999146757679181,93.8,0.2000853242320819,4.04305126783455
475.0,118.8,0.0,181.1,8.9,852.1,781.5,56,72.3,0.3812631578947368,593.8,0.30498484338160997,1633.6,0.4783912830558276,0.5216087169441724,0.7999326372515999,118.8,0.20006736274840015,4.04305126783455
469.0,117.2,0.0,137.8,32.2,852.1,840.5,56,69.3,0.293816631130064,586.2,0.23507335380416242,1692.6,0.49657331915396435,0.5034266808460357,0.8000682360968951,117.2,0.19993176390310474,4.04305126783455
388.6,97.1,0.0,157.9,12.1,852.1,925.7,56,55.2,0.40633041688111166,485.70000000000005,0.32509779699402924,1777.8000000000002,0.5206997412532343,0.47930025874676563,0.800082355363393,97.1,0.19991764463660694,4.04305126783455
531.3,0.0,0.0,141.8,28.2,852.1,893.7,56,58.8,0.26689252776209305,531.3,0.26689252776209305,1745.8000000000002,0.5119143086264176,0.48808569137358226,1.0,0.0,0.0,4.04305126783455
318.8,212.5,0.0,155.7,14.3,852.1,880.4,56,66.1,0.4883939774153073,531.3,0.2930547713156409,1732.5,0.5081673881673882,0.49183261183261184,0.6000376435159045,212.5,0.39996235648409567,4.04305126783455
401.8,94.7,0.0,147.4,11.4,946.8,852.1,56,73.7,0.3668491786958686,496.5,0.29687814702920445,1798.9,0.47367835899716493,0.526321641002835,0.809264853977845,94.7,0.19073514602215508,4.04305126783455
362.6,189.0,0.0,164.9,11.6,944.7,755.8,56,77.3,0.4547710976282405,551.6,0.2989485134155185,1700.5,0.4444575124963246,0.5555424875036754,0.6573604060913706,189.0,0.3426395939086294,4.04305126783455
323.7,282.8,0.0,183.8,10.3,942.7,659.9,56,80.2,0.5678097003398209,606.5,0.30305028854080795,1602.6,0.4117683763883689,0.5882316236116312,0.5337180544105523,282.8,0.4662819455894477,4.04305126783455
379.5,151.2,0.0,153.9,15.9,1134.3,605.0,56,54.9,0.40553359683794465,530.7,0.2899943470887507,1739.3,0.3478410854941643,0.6521589145058356,0.7150932730356133,151.2,0.2849067269643866,4.04305126783455
286.3,200.9,0.0,144.7,11.2,1004.6,803.7,56,72.99,0.505413901501921,487.20000000000005,0.2970032840722495,1808.3000000000002,0.4444505889509484,0.5555494110490515,0.5876436781609196,200.9,0.41235632183908044,4.04305126783455
439.0,177.0,0.0,186.0,11.1,884.9,707.9,56,71.7,0.42369020501138954,616.0,0.30194805194805197,1592.8,0.44443746860873934,0.5555625313912607,0.7126623376623377,177.0,0.28733766233766234,4.04305126783455
389.9,189.0,0.0,145.9,22.0,944.7,755.8,56,79.4,0.37419851243908697,578.9,0.25202971152185183,1700.5,0.4444575124963246,0.5555424875036754,0.6735187424425635,189.0,0.3264812575574365,4.04305126783455
337.9,189.0,0.0,174.9,9.5,944.7,755.8,56,59.89,0.5176087599881622,526.9,0.33194154488517746,1700.5,0.4444575124963246,0.5555424875036754,0.6412981590434618,189.0,0.35870184095653823,4.04305126783455
374.0,189.2,0.0,170.1,10.1,926.1,756.7,91,64.9,0.4548128342245989,563.2,0.3020241477272727,1682.8000000000002,0.4496672212978369,0.550332778702163,0.6640625,189.2,0.33593749999999994,4.5217885770490405
313.3,262.2,0.0,175.5,8.6,1046.9,611.8,91,66.6,0.5601659751037344,575.5,0.3049522154648132,1658.7,0.3688430698739977,0.6311569301260024,0.544396177237185,262.2,0.4556038227628149,4.5217885770490405
425.0,106.3,0.0,153.5,16.5,852.1,887.1,91,65.2,0.3611764705882353,531.3,0.2889139845661585,1739.2,0.5100620975160993,0.4899379024839006,0.7999247129681913,106.3,0.2000752870318088,4.5217885770490405
425.0,106.3,0.0,151.4,18.6,936.0,803.7,91,66.7,0.3562352941176471,531.3,0.284961415396198,1739.7,0.4619762027935851,0.5380237972064149,0.7999247129681913,106.3,0.2000752870318088,4.5217885770490405
375.0,93.8,0.0,126.6,23.4,852.1,992.6,91,62.5,0.3376,468.8,0.27005119453924914,1844.7,0.5380820729657939,0.4619179270342061,0.7999146757679181,93.8,0.2000853242320819,4.5217885770490405
475.0,118.8,0.0,181.1,8.9,852.1,781.5,91,74.19,0.3812631578947368,593.8,0.30498484338160997,1633.6,0.4783912830558276,0.5216087169441724,0.7999326372515999,118.8,0.20006736274840015,4.5217885770490405
469.0,117.2,0.0,137.8,32.2,852.1,840.5,91,70.7,0.293816631130064,586.2,0.23507335380416242,1692.6,0.49657331915396435,0.5034266808460357,0.8000682360968951,117.2,0.19993176390310474,4.5217885770490405
388.6,97.1,0.0,157.9,12.1,852.1,925.7,91,57.6,0.40633041688111166,485.70000000000005,0.32509779699402924,1777.8000000000002,0.5206997412532343,0.47930025874676563,0.800082355363393,97.1,0.19991764463660694,4.5217885770490405
531.3,0.0,0.0,141.8,28.2,852.1,893.7,91,59.2,0.26689252776209305,531.3,0.26689252776209305,1745.8000000000002,0.5119143086264176,0.48808569137358226,1.0,0.0,0.0,4.5217885770490405
318.8,212.5,0.0,155.7,14.3,852.1,880.4,91,68.1,0.4883939774153073,531.3,0.2930547713156409,1732.5,0.5081673881673882,0.49183261183261184,0.6000376435159045,212.5,0.39996235648409567,4.5217885770490405
401.8,94.7,0.0,147.4,11.4,946.8,852.1,91,75.5,0.3668491786958686,496.5,0.29687814702920445,1798.9,0.47367835899716493,0.526321641002835,0.809264853977845,94.7,0.19073514602215508,4.5217885770490405
362.6,189.0,0.0,164.9,11.6,944.7,755.8,91,79.3,0.4547710976282405,551.6,0.2989485134155185,1700.5,0.4444575124963246,0.5555424875036754,0.6573604060913706,189.0,0.3426395939086294,4.5217885770490405
379.5,151.2,0.0,153.9,15.9,1134.3,605.0,91,56.5,0.40553359683794465,530.7,0.2899943470887507,1739.3,0.3478410854941643,0.6521589145058356,0.7150932730356133,151.2,0.2849067269643866,4.5217885770490405
286.3,200.9,0.0,144.7,11.2,1004.6,803.7,91,76.8,0.505413901501921,487.20000000000005,0.2970032840722495,1808.3000000000002,0.4444505889509484,0.5555494110490515,0.5876436781609196,200.9,0.41235632183908044,4.5217885770490405
439.0,177.0,0.0,186.0,11.1,884.9,707.9,91,73.3,0.42369020501138954,616.0,0.30194805194805197,1592.8,0.44443746860873934,0.5555625313912607,0.7126623376623377,177.0,0.28733766233766234,4.5217885770490405
389.9,189.0,0.0,145.9,22.0,944.7,755.8,91,82.6,0.37419851243908697,578.9,0.25202971152185183,1700.5,0.4444575124963246,0.5555424875036754,0.6735187424425635,189.0,0.3264812575574365,4.5217885770490405
337.9,189.0,0.0,174.9,9.5,944.7,755.8,91,67.8,0.5176087599881622,526.9,0.33194154488517746,1700.5,0.4444575124963246,0.5555424875036754,0.6412981590434618,189.0,0.35870184095653823,4.5217885770490405
222.4,0.0,96.7,189.3,4.5,967.1,870.3,3,11.58,0.8511690647482014,319.1,0.5932309620808524,1837.4,0.4736584303907695,0.5263415696092304,0.6969602005640865,96.7,0.30303979943591347,1.3862943611198906
222.4,0.0,96.7,189.3,4.5,967.1,870.3,14,24.45,0.8511690647482014,319.1,0.5932309620808524,1837.4,0.4736584303907695,0.5263415696092304,0.6969602005640865,96.7,0.30303979943591347,2.70805020110221
222.4,0.0,96.7,189.3,4.5,967.1,870.3,28,24.89,0.8511690647482014,319.1,0.5932309620808524,1837.4,0.4736584303907695,0.5263415696092304,0.6969602005640865,96.7,0.30303979943591347,3.367295829986474
222.4,0.0,96.7,189.3,4.5,967.1,870.3,56,29.45,0.8511690647482014,319.1,0.5932309620808524,1837.4,0.4736584303907695,0.5263415696092304,0.6969602005640865,96.7,0.30303979943591347,4.04305126783455
222.4,0.0,96.7,189.3,4.5,967.1,870.3,100,40.71,0.8511690647482014,319.1,0.5932309620808524,1837.4,0.4736584303907695,0.5263415696092304,0.6969602005640865,96.7,0.30303979943591347,4.61512051684126
233.8,0.0,94.6,197.9,4.6,947.0,852.2,3,10.38,0.8464499572284003,328.4,0.6026187576126676,1799.2,0.473654957759004,0.526345042240996,0.7119366626065774,94.6,0.28806333739342266,1.3862943611198906
233.8,0.0,94.6,197.9,4.6,947.0,852.2,14,22.14,0.8464499572284003,328.4,0.6026187576126676,1799.2,0.473654957759004,0.526345042240996,0.7119366626065774,94.6,0.28806333739342266,2.70805020110221
233.8,0.0,94.6,197.9,4.6,947.0,852.2,28,22.84,0.8464499572284003,328.4,0.6026187576126676,1799.2,0.473654957759004,0.526345042240996,0.7119366626065774,94.6,0.28806333739342266,3.367295829986474
233.8,0.0,94.6,197.9,4.6,947.0,852.2,56,27.66,0.8464499572284003,328.4,0.6026187576126676,1799.2,0.473654957759004,0.526345042240996,0.7119366626065774,94.6,0.28806333739342266,4.04305126783455
233.8,0.0,94.6,197.9,4.6,947.0,852.2,100,34.56,0.8464499572284003,328.4,0.6026187576126676,1799.2,0.473654957759004,0.526345042240996,0.7119366626065774,94.6,0.28806333739342266,4.61512051684126
194.7,0.0,100.5,165.6,7.5,1006.4,905.9,3,12.45,0.8505392912172574,295.2,0.5609756097560976,1912.3,0.4737227422475553,0.5262772577524447,0.6595528455284553,100.5,0.3404471544715447,1.3862943611198906
194.7,0.0,100.5,165.6,7.5,1006.4,905.9,14,24.99,0.8505392912172574,295.2,0.5609756097560976,1912.3,0.4737227422475553,0.5262772577524447,0.6595528455284553,100.5,0.3404471544715447,2.70805020110221
194.7,0.0,100.5,165.6,7.5,1006.4,905.9,28,25.72,0.8505392912172574,295.2,0.5609756097560976,1912.3,0.4737227422475553,0.5262772577524447,0.6595528455284553,100.5,0.3404471544715447,3.367295829986474
194.7,0.0,100.5,165.6,7.5,1006.4,905.9,56,33.96,0.8505392912172574,295.2,0.5609756097560976,1912.3,0.4737227422475553,0.5262772577524447,0.6595528455284553,100.5,0.3404471544715447,4.04305126783455
194.7,0.0,100.5,165.6,7.5,1006.4,905.9,100,37.34,0.8505392912172574,295.2,0.5609756097560976,1912.3,0.4737227422475553,0.5262772577524447,0.6595528455284553,100.5,0.3404471544715447,4.61512051684126
190.7,0.0,125.4,162.1,7.8,1090.0,804.0,3,15.04,0.8500262191924489,316.1,0.51281240113888,1894.0,0.4244984160506864,0.5755015839493136,0.6032900980702308,125.4,0.39670990192976907,1.3862943611198906
190.7,0.0,125.4,162.1,7.8,1090.0,804.0,14,21.06,0.8500262191924489,316.1,0.51281240113888,1894.0,0.4244984160506864,0.5755015839493136,0.6032900980702308,125.4,0.39670990192976907,2.70805020110221
190.7,0.0,125.4,162.1,7.8,1090.0,804.0,28,26.4,0.8500262191924489,316.1,0.51281240113888,1894.0,0.4244984160506864,0.5755015839493136,0.6032900980702308,125.4,0.39670990192976907,3.367295829986474
190.7,0.0,125.4,162.1,7.8,1090.0,804.0,56,35.34,0.8500262191924489,316.1,0.51281240113888,1894.0,0.4244984160506864,0.5755015839493136,0.6032900980702308,125.4,0.39670990192976907,4.04305126783455
190.7,0.0,125.4,162.1,7.8,1090.0,804.0,100,40.57,0.8500262191924489,316.1,0.51281240113888,1894.0,0.4244984160506864,0.5755015839493136,0.6032900980702308,125.4,0.39670990192976907,4.61512051684126
212.1,0.0,121.6,180.3,5.7,1057.6,779.3,3,12.47,0.8500707213578501,333.7,0.5403056637698532,1836.8999999999999,0.4242473732919593,0.5757526267080407,0.6356008390770153,121.6,0.3643991609229847,1.3862943611198906
212.1,0.0,121.6,180.3,5.7,1057.6,779.3,14,20.92,0.8500707213578501,333.7,0.5403056637698532,1836.8999999999999,0.4242473732919593,0.5757526267080407,0.6356008390770153,121.6,0.3643991609229847,2.70805020110221
212.1,0.0,121.6,180.3,5.7,1057.6,779.3,28,24.9,0.8500707213578501,333.7,0.5403056637698532,1836.8999999999999,0.4242473732919593,0.5757526267080407,0.6356008390770153,121.6,0.3643991609229847,3.367295829986474
212.1,0.0,121.6,180.3,5.7,1057.6,779.3,56,34.2,0.8500707213578501,333.7,0.5403056637698532,1836.8999999999999,0.4242473732919593,0.5757526267080407,0.6356008390770153,121.6,0.3643991609229847,4.04305126783455
212.1,0.0,121.6,180.3,5.7,1057.6,779.3,100,39.61,0.8500707213578501,333.7,0.5403056637698532,1836.8999999999999,0.4242473732919593,0.5757526267080407,0.6356008390770153,121.6,0.3643991609229847,4.61512051684126
230.0,0.0,118.3,195.5,4.6,1029.4,758.6,3,10.03,0.85,348.3,0.5612977318403675,1788.0,0.4242729306487696,0.5757270693512305,0.6603502727533735,118.3,0.33964972724662645,1.3862943611198906
230.0,0.0,118.3,195.5,4.6,1029.4,758.6,14,20.08,0.85,348.3,0.5612977318403675,1788.0,0.4242729306487696,0.5757270693512305,0.6603502727533735,118.3,0.33964972724662645,2.70805020110221
230.0,0.0,118.3,195.5,4.6,1029.4,758.6,28,24.48,0.85,348.3,0.5612977318403675,1788.0,0.4242729306487696,0.5757270693512305,0.6603502727533735,118.3,0.33964972724662645,3.367295829986474
230.0,0.0,118.3,195.5,4.6,1029.4,758.6,56,31.54,0.85,348.3,0.5612977318403675,1788.0,0.4242729306487696,0.5757270693512305,0.6603502727533735,118.3,0.33964972724662645,4.04305126783455
230.0,0.0,118.3,195.5,4.6,1029.4,758.6,100,35.34,0.85,348.3,0.5612977318403675,1788.0,0.4242729306487696,0.5757270693512305,0.6603502727533735,118.3,0.33964972724662645,4.61512051684126
190.3,0.0,125.2,161.9,9.9,1088.1,802.6,3,9.45,0.8507619548081976,315.5,0.5131537242472266,1890.6999999999998,0.4244988628550273,0.5755011371449728,0.6031695721077655,125.2,0.39683042789223455,1.3862943611198906
190.3,0.0,125.2,161.9,9.9,1088.1,802.6,14,22.72,0.8507619548081976,315.5,0.5131537242472266,1890.6999999999998,0.4244988628550273,0.5755011371449728,0.6031695721077655,125.2,0.39683042789223455,2.70805020110221
190.3,0.0,125.2,161.9,9.9,1088.1,802.6,28,28.47,0.8507619548081976,315.5,0.5131537242472266,1890.6999999999998,0.4244988628550273,0.5755011371449728,0.6031695721077655,125.2,0.39683042789223455,3.367295829986474
190.3,0.0,125.2,161.9,9.9,1088.1,802.6,56,38.56,0.8507619548081976,315.5,0.5131537242472266,1890.6999999999998,0.4244988628550273,0.5755011371449728,0.6031695721077655,125.2,0.39683042789223455,4.04305126783455
190.3,0.0,125.2,161.9,9.9,1088.1,802.6,100,40.39,0.8507619548081976,315.5,0.5131537242472266,1890.6999999999998,0.4244988628550273,0.5755011371449728,0.6031695721077655,125.2,0.39683042789223455,4.61512051684126
166.1,0.0,163.3,176.5,4.5,1058.6,780.1,3,10.76,1.062612883804937,329.4,0.5358227079538556,1838.6999999999998,0.4242671452656769,0.5757328547343231,0.5042501517911354,163.3,0.4957498482088647,1.3862943611198906
166.1,0.0,163.3,176.5,4.5,1058.6,780.1,14,25.48,1.062612883804937,329.4,0.5358227079538556,1838.6999999999998,0.4242671452656769,0.5757328547343231,0.5042501517911354,163.3,0.4957498482088647,2.70805020110221
166.1,0.0,163.3,176.5,4.5,1058.6,780.1,28,21.54,1.062612883804937,329.4,0.5358227079538556,1838.6999999999998,0.4242671452656769,0.5757328547343231,0.5042501517911354,163.3,0.4957498482088647,3.367295829986474
166.1,0.0,163.3,176.5,4.5,1058.6,780.1,56,28.63,1.062612883804937,329.4,0.5358227079538556,1838.6999999999998,0.4242671452656769,0.5757328547343231,0.5042501517911354,163.3,0.4957498482088647,4.04305126783455
166.1,0.0,163.3,176.5,4.5,1058.6,780.1,100,33.54,1.062612883804937,329.4,0.5358227079538556,1838.6999999999998,0.4242671452656769,0.5757328547343231,0.5042501517911354,163.3,0.4957498482088647,4.61512051684126
168.0,42.1,163.8,121.8,5.7,1058.7,780.1,3,7.75,0.725,373.9,0.32575554961219577,1838.8000000000002,0.4242440722210137,0.5757559277789862,0.44931799946509765,205.9,0.5506820005349025,1.3862943611198906
168.0,42.1,163.8,121.8,5.7,1058.7,780.1,14,17.82,0.725,373.9,0.32575554961219577,1838.8000000000002,0.4242440722210137,0.5757559277789862,0.44931799946509765,205.9,0.5506820005349025,2.70805020110221
168.0,42.1,163.8,121.8,5.7,1058.7,780.1,28,24.24,0.725,373.9,0.32575554961219577,1838.8000000000002,0.4242440722210137,0.5757559277789862,0.44931799946509765,205.9,0.5506820005349025,3.367295829986474
168.0,42.1,163.8,121.8,5.7,1058.7,780.1,56,32.85,0.725,373.9,0.32575554961219577,1838.8000000000002,0.4242440722210137,0.5757559277789862,0.44931799946509765,205.9,0.5506820005349025,4.04305126783455
168.0,42.1,163.8,121.8,5.7,1058.7,780.1,100,39.23,0.725,373.9,0.32575554961219577,1838.8000000000002,0.4242440722210137,0.5757559277789862,0.44931799946509765,205.9,0.5506820005349025,4.61512051684126
213.7,98.1,24.5,181.7,6.9,1065.8,785.4,3,18.0,0.8502573701450632,336.29999999999995,0.5402914064823076,1851.1999999999998,0.4242653414001729,0.5757346585998272,0.6354445435622956,122.6,0.3645554564377045,1.3862943611198906
213.7,98.1,24.5,181.7,6.9,1065.8,785.4,14,30.39,0.8502573701450632,336.29999999999995,0.5402914064823076,1851.1999999999998,0.4242653414001729,0.5757346585998272,0.6354445435622956,122.6,0.3645554564377045,2.70805020110221
213.7,98.1,24.5,181.7,6.9,1065.8,785.4,28,45.71,0.8502573701450632,336.29999999999995,0.5402914064823076,1851.1999999999998,0.4242653414001729,0.5757346585998272,0.6354445435622956,122.6,0.3645554564377045,3.367295829986474
213.7,98.1,24.5,181.7,6.9,1065.8,785.4,56,50.77,0.8502573701450632,336.29999999999995,0.5402914064823076,1851.1999999999998,0.4242653414001729,0.5757346585998272,0.6354445435622956,122.6,0.3645554564377045,4.04305126783455
213.7,98.1,24.5,181.7,6.9,1065.8,785.4,100,53.9,0.8502573701450632,336.29999999999995,0.5402914064823076,1851.1999999999998,0.4242653414001729,0.5757346585998272,0.6354445435622956,122.6,0.3645554564377045,4.61512051684126
213.8,98.1,24.5,181.7,6.7,1066.0,785.5,3,13.18,0.8498596819457436,336.4,0.5401307966706302,1851.5,0.4242506076154469,0.575749392384553,0.6355529131985732,122.6,0.3644470868014269,1.3862943611198906
213.8,98.1,24.5,181.7,6.7,1066.0,785.5,14,17.84,0.8498596819457436,336.4,0.5401307966706302,1851.5,0.4242506076154469,0.575749392384553,0.6355529131985732,122.6,0.3644470868014269,2.70805020110221
213.8,98.1,24.5,181.7,6.7,1066.0,785.5,28,40.23,0.8498596819457436,336.4,0.5401307966706302,1851.5,0.4242506076154469,0.575749392384553,0.6355529131985732,122.6,0.3644470868014269,3.367295829986474
213.8,98.1,24.5,181.7,6.7,1066.0,785.5,56,47.13,0.8498596819457436,336.4,0.5401307966706302,1851.5,0.4242506076154469,0.575749392384553,0.6355529131985732,122.6,0.3644470868014269,4.04305126783455
213.8,98.1,24.5,181.7,6.7,1066.0,785.5,100,49.97,0.8498596819457436,336.4,0.5401307966706302,1851.5,0.4242506076154469,0.575749392384553,0.6355529131985732,122.6,0.3644470868014269,4.61512051684126
229.7,0.0,118.2,195.2,6.1,1028.1,757.6,3,13.36,0.8498040922942969,347.9,0.5610807703363035,1785.6999999999998,0.4242593940751527,0.5757406059248474,0.6602471974705375,118.2,0.3397528025294625,1.3862943611198906
229.7,0.0,118.2,195.2,6.1,1028.1,757.6,14,22.32,0.8498040922942969,347.9,0.5610807703363035,1785.6999999999998,0.4242593940751527,0.5757406059248474,0.6602471974705375,118.2,0.3397528025294625,2.70805020110221
229.7,0.0,118.2,195.2,6.1,1028.1,757.6,28,24.54,0.8498040922942969,347.9,0.5610807703363035,1785.6999999999998,0.4242593940751527,0.5757406059248474,0.6602471974705375,118.2,0.3397528025294625,3.367295829986474
229.7,0.0,118.2,195.2,6.1,1028.1,757.6,56,31.35,0.8498040922942969,347.9,0.5610807703363035,1785.6999999999998,0.4242593940751527,0.5757406059248474,0.6602471974705375,118.2,0.3397528025294625,4.04305126783455
229.7,0.0,118.2,195.2,6.1,1028.1,757.6,100,40.86,0.8498040922942969,347.9,0.5610807703363035,1785.6999999999998,0.4242593940751527,0.5757406059248474,0.6602471974705375,118.2,0.3397528025294625,4.61512051684126
238.1,0.0,94.1,186.7,7.0,949.9,847.0,3,19.93,0.7841243175136497,332.2,0.5620108368452739,1796.9,0.4713673548889754,0.5286326451110245,0.7167369054786273,94.1,0.28326309452137266,1.3862943611198906
238.1,0.0,94.1,186.7,7.0,949.9,847.0,14,25.69,0.7841243175136497,332.2,0.5620108368452739,1796.9,0.4713673548889754,0.5286326451110245,0.7167369054786273,94.1,0.28326309452137266,2.70805020110221
238.1,0.0,94.1,186.7,7.0,949.9,847.0,28,30.23,0.7841243175136497,332.2,0.5620108368452739,1796.9,0.4713673548889754,0.5286326451110245,0.7167369054786273,94.1,0.28326309452137266,3.367295829986474
238.1,0.0,94.1,186.7,7.0,949.9,847.0,56,39.59,0.7841243175136497,332.2,0.5620108368452739,1796.9,0.4713673548889754,0.5286326451110245,0.7167369054786273,94.1,0.28326309452137266,4.04305126783455
238.1,0.0,94.1,186.7,7.0,949.9,847.0,100,44.3,0.7841243175136497,332.2,0.5620108368452739,1796.9,0.4713673548889754,0.5286326451110245,0.7167369054786273,94.1,0.28326309452137266,4.61512051684126
250.0,0.0,95.7,187.4,5.5,956.9,861.2,3,13.82,0.7496,345.7,0.5420885160543825,1818.1,0.47368131565920474,0.5263186843407953,0.7231703789412786,95.7,0.27682962105872144,1.3862943611198906
250.0,0.0,95.7,187.4,5.5,956.9,861.2,14,24.92,0.7496,345.7,0.5420885160543825,1818.1,0.47368131565920474,0.5263186843407953,0.7231703789412786,95.7,0.27682962105872144,2.70805020110221
250.0,0.0,95.7,187.4,5.5,956.9,861.2,28,29.22,0.7496,345.7,0.5420885160543825,1818.1,0.47368131565920474,0.5263186843407953,0.7231703789412786,95.7,0.27682962105872144,3.367295829986474
250.0,0.0,95.7,187.4,5.5,956.9,861.2,56,38.33,0.7496,345.7,0.5420885160543825,1818.1,0.47368131565920474,0.5263186843407953,0.7231703789412786,95.7,0.27682962105872144,4.04305126783455
250.0,0.0,95.7,187.4,5.5,956.9,861.2,100,42.35,0.7496,345.7,0.5420885160543825,1818.1,0.47368131565920474,0.5263186843407953,0.7231703789412786,95.7,0.27682962105872144,4.61512051684126
212.5,0.0,100.4,159.3,8.7,1007.8,903.6,3,13.54,0.7496470588235294,312.9,0.5091083413231065,1911.4,0.4727424924139374,0.5272575075860625,0.6791307126877597,100.4,0.32086928731224035,1.3862943611198906
212.5,0.0,100.4,159.3,8.7,1007.8,903.6,14,26.31,0.7496470588235294,312.9,0.5091083413231065,1911.4,0.4727424924139374,0.5272575075860625,0.6791307126877597,100.4,0.32086928731224035,2.70805020110221
212.5,0.0,100.4,159.3,8.7,1007.8,903.6,28,31.64,0.7496470588235294,312.9,0.5091083413231065,1911.4,0.4727424924139374,0.5272575075860625,0.6791307126877597,100.4,0.32086928731224035,3.367295829986474
212.5,0.0,100.4,159.3,8.7,1007.8,903.6,56,42.55,0.7496470588235294,312.9,0.5091083413231065,1911.4,0.4727424924139374,0.5272575075860625,0.6791307126877597,100.4,0.32086928731224035,4.04305126783455
212.5,0.0,100.4,159.3,8.7,1007.8,903.6,100,42.92,0.7496470588235294,312.9,0.5091083413231065,1911.4,0.4727424924139374,0.5272575075860625,0.6791307126877597,100.4,0.32086928731224035,4.61512051684126
212.6,0.0,100.4,159.4,10.4,1003.8,903.8,3,13.33,0.7497648165569144,313.0,0.5092651757188499,1907.6,0.47378905430907947,0.5262109456909205,0.6792332268370607,100.4,0.32076677316293933,1.3862943611198906
212.6,0.0,100.4,159.4,10.4,1003.8,903.8,14,25.37,0.7497648165569144,313.0,0.5092651757188499,1907.6,0.47378905430907947,0.5262109456909205,0.6792332268370607,100.4,0.32076677316293933,2.70805020110221
212.6,0.0,100.4,159.4,10.4,1003.8,903.8,28,37.4,0.7497648165569144,313.0,0.5092651757188499,1907.6,0.47378905430907947,0.5262109456909205,0.6792332268370607,100.4,0.32076677316293933,3.367295829986474
212.6,0.0,100.4,159.4,10.4,1003.8,903.8,56,44.4,0.7497648165569144,313.0,0.5092651757188499,1907.6,0.47378905430907947,0.5262109456909205,0.6792332268370607,100.4,0.32076677316293933,4.04305126783455
212.6,0.0,100.4,159.4,10.4,1003.8,903.8,100,47.74,0.7497648165569144,313.0,0.5092651757188499,1907.6,0.47378905430907947,0.5262109456909205,0.6792332268370607,100.4,0.32076677316293933,4.61512051684126
212.0,0.0,124.8,159.0,7.8,1085.4,799.5,3,19.52,0.75,336.8,0.4720902612826603,1884.9,0.42416043291421296,0.5758395670857871,0.6294536817102138,124.8,0.3705463182897862,1.3862943611198906
212.0,0.0,124.8,159.0,7.8,1085.4,799.5,14,31.35,0.75,336.8,0.4720902612826603,1884.9,0.42416043291421296,0.5758395670857871,0.6294536817102138,124.8,0.3705463182897862,2.70805020110221
212.0,0.0,124.8,159.0,7.8,1085.4,799.5,28,38.5,0.75,336.8,0.4720902612826603,1884.9,0.42416043291421296,0.5758395670857871,0.6294536817102138,124.8,0.3705463182897862,3.367295829986474
212.0,0.0,124.8,159.0,7.8,1085.4,799.5,56,45.08,0.75,336.8,0.4720902612826603,1884.9,0.42416043291421296,0.5758395670857871,0.6294536817102138,124.8,0.3705463182897862,4.04305126783455
212.0,0.0,124.8,159.0,7.8,1085.4,799.5,100,47.82,0.75,336.8,0.4720902612826603,1884.9,0.42416043291421296,0.5758395670857871,0.6294536817102138,124.8,0.3705463182897862,4.61512051684126
231.8,0.0,121.6,174.0,6.7,1056.4,778.5,3,15.44,0.7506471095772217,353.4,0.49235993208828527,1834.9,0.42427380238705104,0.575726197612949,0.6559139784946237,121.6,0.34408602150537637,1.3862943611198906
231.8,0.0,121.6,174.0,6.7,1056.4,778.5,14,26.77,0.7506471095772217,353.4,0.49235993208828527,1834.9,0.42427380238705104,0.575726197612949,0.6559139784946237,121.6,0.34408602150537637,2.70805020110221
231.8,0.0,121.6,174.0,6.7,1056.4,778.5,28,33.73,0.7506471095772217,353.4,0.49235993208828527,1834.9,0.42427380238705104,0.575726197612949,0.6559139784946237,121.6,0.34408602150537637,3.367295829986474
231.8,0.0,121.6,174.0,6.7,1056.4,778.5,56,42.7,0.7506471095772217,353.4,0.49235993208828527,1834.9,0.42427380238705104,0.575726197612949,0.6559139784946237,121.6,0.34408602150537637,4.04305126783455
231.8,0.0,121.6,174.0,6.7,1056.4,778.5,100,45.84,0.7506471095772217,353.4,0.49235993208828527,1834.9,0.42427380238705104,0.575726197612949,0.6559139784946237,121.6,0.34408602150537637,4.61512051684126
251.4,0.0,118.3,188.5,5.8,1028.4,757.7,3,17.22,0.7498011137629276,369.7,0.5098728698945091,1786.1000000000001,0.4242203684004255,0.5757796315995745,0.6800108195834461,118.3,0.31998918041655394,1.3862943611198906
251.4,0.0,118.3,188.5,5.8,1028.4,757.7,14,29.93,0.7498011137629276,369.7,0.5098728698945091,1786.1000000000001,0.4242203684004255,0.5757796315995745,0.6800108195834461,118.3,0.31998918041655394,2.70805020110221
251.4,0.0,118.3,188.5,5.8,1028.4,757.7,28,29.65,0.7498011137629276,369.7,0.5098728698945091,1786.1000000000001,0.4242203684004255,0.5757796315995745,0.6800108195834461,118.3,0.31998918041655394,3.367295829986474
251.4,0.0,118.3,188.5,5.8,1028.4,757.7,56,36.97,0.7498011137629276,369.7,0.5098728698945091,1786.1000000000001,0.4242203684004255,0.5757796315995745,0.6800108195834461,118.3,0.31998918041655394,4.04305126783455
251.4,0.0,118.3,188.5,5.8,1028.4,757.7,100,43.58,0.7498011137629276,369.7,0.5098728698945091,1786.1000000000001,0.4242203684004255,0.5757796315995745,0.6800108195834461,118.3,0.31998918041655394,4.61512051684126
251.4,0.0,118.3,188.5,6.4,1028.4,757.7,3,13.12,0.7498011137629276,369.7,0.5098728698945091,1786.1000000000001,0.4242203684004255,0.5757796315995745,0.6800108195834461,118.3,0.31998918041655394,1.3862943611198906
251.4,0.0,118.3,188.5,6.4,1028.4,757.7,14,24.43,0.7498011137629276,369.7,0.5098728698945091,1786.1000000000001,0.4242203684004255,0.5757796315995745,0.6800108195834461,118.3,0.31998918041655394,2.70805020110221
251.4,0.0,118.3,188.5,6.4,1028.4,757.7,28,32.66,0.7498011137629276,369.7,0.5098728698945091,1786.1000000000001,0.4242203684004255,0.5757796315995745,0.6800108195834461,118.3,0.31998918041655394,3.367295829986474
251.4,0.0,118.3,188.5,6.4,1028.4,757.7,56,36.64,0.7498011137629276,369.7,0.5098728698945091,1786.1000000000001,0.4242203684004255,0.5757796315995745,0.6800108195834461,118.3,0.31998918041655394,4.04305126783455
251.4,0.0,118.3,188.5,6.4,1028.4,757.7,100,44.21,0.7498011137629276,369.7,0.5098728698945091,1786.1000000000001,0.4242203684004255,0.5757796315995745,0.6800108195834461,118.3,0.31998918041655394,4.61512051684126
181.4,0.0,167.0,169.6,7.6,1055.6,777.8,3,13.62,0.9349503858875413,348.4,0.486796785304248,1833.3999999999999,0.4242391185775063,0.5757608814224937,0.5206659012629162,167.0,0.4793340987370838,1.3862943611198906
181.4,0.0,167.0,169.6,7.6,1055.6,777.8,14,21.6,0.9349503858875413,348.4,0.486796785304248,1833.3999999999999,0.4242391185775063,0.5757608814224937,0.5206659012629162,167.0,0.4793340987370838,2.70805020110221
181.4,0.0,167.0,169.6,7.6,1055.6,777.8,28,27.77,0.9349503858875413,348.4,0.486796785304248,1833.3999999999999,0.4242391185775063,0.5757608814224937,0.5206659012629162,167.0,0.4793340987370838,3.367295829986474
181.4,0.0,167.0,169.6,7.6,1055.6,777.8,56,35.57,0.9349503858875413,348.4,0.486796785304248,1833.3999999999999,0.4242391185775063,0.5757608814224937,0.5206659012629162,167.0,0.4793340987370838,4.04305126783455
181.4,0.0,167.0,169.6,7.6,1055.6,777.8,100,45.37,0.9349503858875413,348.4,0.486796785304248,1833.3999999999999,0.4242391185775063,0.5757608814224937,0.5206659012629162,167.0,0.4793340987370838,4.61512051684126
182.0,45.2,122.0,170.2,8.2,1059.4,780.7,3,7.32,0.9351648351648351,349.2,0.48739977090492553,1840.1000000000001,0.4242704200858649,0.5757295799141351,0.5211912943871707,167.2,0.4788087056128293,1.3862943611198906
182.0,45.2,122.0,170.2,8.2,1059.4,780.7,14,21.5,0.9351648351648351,349.2,0.48739977090492553,1840.1000000000001,0.4242704200858649,0.5757295799141351,0.5211912943871707,167.2,0.4788087056128293,2.70805020110221
182.0,45.2,122.0,170.2,8.2,1059.4,780.7,28,31.27,0.9351648351648351,349.2,0.48739977090492553,1840.1000000000001,0.4242704200858649,0.5757295799141351,0.5211912943871707,167.2,0.4788087056128293,3.367295829986474
182.0,45.2,122.0,170.2,8.2,1059.4,780.7,56,43.5,0.9351648351648351,349.2,0.48739977090492553,1840.1000000000001,0.4242704200858649,0.5757295799141351,0.5211912943871707,167.2,0.4788087056128293,4.04305126783455
182.0,45.2,122.0,170.2,8.2,1059.4,780.7,100,48.67,0.9351648351648351,349.2,0.48739977090492553,1840.1000000000001,0.4242704200858649,0.5757295799141351,0.5211912943871707,167.2,0.4788087056128293,4.61512051684126
168.9,42.2,124.3,158.3,10.8,1080.8,796.2,3,7.4,0.9372409709887508,335.40000000000003,0.4719737626714371,1877.0,0.42418753329781567,0.5758124667021843,0.5035778175313058,166.5,0.4964221824686941,1.3862943611198906
168.9,42.2,124.3,158.3,10.8,1080.8,796.2,14,23.51,0.9372409709887508,335.40000000000003,0.4719737626714371,1877.0,0.42418753329781567,0.5758124667021843,0.5035778175313058,166.5,0.4964221824686941,2.70805020110221
168.9,42.2,124.3,158.3,10.8,1080.8,796.2,28,31.12,0.9372409709887508,335.40000000000003,0.4719737626714371,1877.0,0.42418753329781567,0.5758124667021843,0.5035778175313058,166.5,0.4964221824686941,3.367295829986474
168.9,42.2,124.3,158.3,10.8,1080.8,796.2,56,39.15,0.9372409709887508,335.40000000000003,0.4719737626714371,1877.0,0.42418753329781567,0.5758124667021843,0.5035778175313058,166.5,0.4964221824686941,4.04305126783455
168.9,42.2,124.3,158.3,10.8,1080.8,796.2,100,48.15,0.9372409709887508,335.40000000000003,0.4719737626714371,1877.0,0.42418753329781567,0.5758124667021843,0.5035778175313058,166.5,0.4964221824686941,4.61512051684126
290.4,0.0,96.2,168.1,9.4,961.2,865.0,3,22.5,0.5788567493112948,386.59999999999997,0.4348163476461459,1826.2,0.4736611543094951,0.5263388456905049,0.7511639937920331,96.2,0.24883600620796692,1.3862943611198906
290.4,0.0,96.2,168.1,9.4,961.2,865.0,14,34.67,0.5788567493112948,386.59999999999997,0.4348163476461459,1826.2,0.4736611543094951,0.5263388456905049,0.7511639937920331,96.2,0.24883600620796692,2.70805020110221
290.4,0.0,96.2,168.1,9.4,961.2,865.0,28,34.74,0.5788567493112948,386.59999999999997,0.4348163476461459,1826.2,0.4736611543094951,0.5263388456905049,0.7511639937920331,96.2,0.24883600620796692,3.367295829986474
290.4,0.0,96.2,168.1,9.4,961.2,865.0,56,45.08,0.5788567493112948,386.59999999999997,0.4348163476461459,1826.2,0.4736611543094951,0.5263388456905049,0.7511639937920331,96.2,0.24883600620796692,4.04305126783455
290.4,0.0,96.2,168.1,9.4,961.2,865.0,100,48.97,0.5788567493112948,386.59999999999997,0.4348163476461459,1826.2,0.4736611543094951,0.5263388456905049,0.7511639937920331,96.2,0.24883600620796692,4.61512051684126
277.1,0.0,97.4,160.6,11.8,973.9,875.6,3,23.14,0.5795741609527246,374.5,0.4288384512683578,1849.5,0.47342525006758585,0.5265747499324142,0.7399198931909213,97.4,0.2600801068090788,1.3862943611198906
277.1,0.0,97.4,160.6,11.8,973.9,875.6,14,41.89,0.5795741609527246,374.5,0.4288384512683578,1849.5,0.47342525006758585,0.5265747499324142,0.7399198931909213,97.4,0.2600801068090788,2.70805020110221
277.1,0.0,97.4,160.6,11.8,973.9,875.6,28,48.28,0.5795741609527246,374.5,0.4288384512683578,1849.5,0.47342525006758585,0.5265747499324142,0.7399198931909213,97.4,0.2600801068090788,3.367295829986474
277.1,0.0,97.4,160.6,11.8,973.9,875.6,56,51.04,0.5795741609527246,374.5,0.4288384512683578,1849.5,0.47342525006758585,0.5265747499324142,0.7399198931909213,97.4,0.2600801068090788,4.04305126783455
277.1,0.0,97.4,160.6,11.8,973.9,875.6,100,55.64,0.5795741609527246,374.5,0.4288384512683578,1849.5,0.47342525006758585,0.5265747499324142,0.7399198931909213,97.4,0.2600801068090788,4.61512051684126
295.7,0.0,95.6,171.5,8.9,955.1,859.2,3,22.95,0.579979709164694,391.29999999999995,0.4382826475849732,1814.3000000000002,0.47357107424350986,0.52642892575649,0.7556861742908255,95.6,0.24431382570917456,1.3862943611198906
295.7,0.0,95.6,171.5,8.9,955.1,859.2,14,35.23,0.579979709164694,391.29999999999995,0.4382826475849732,1814.3000000000002,0.47357107424350986,0.52642892575649,0.7556861742908255,95.6,0.24431382570917456,2.70805020110221
295.7,0.0,95.6,171.5,8.9,955.1,859.2,28,39.94,0.579979709164694,391.29999999999995,0.4382826475849732,1814.3000000000002,0.47357107424350986,0.52642892575649,0.7556861742908255,95.6,0.24431382570917456,3.367295829986474
295.7,0.0,95.6,171.5,8.9,955.1,859.2,56,48.72,0.579979709164694,391.29999999999995,0.4382826475849732,1814.3000000000002,0.47357107424350986,0.52642892575649,0.7556861742908255,95.6,0.24431382570917456,4.04305126783455
295.7,0.0,95.6,171.5,8.9,955.1,859.2,100,52.04,0.579979709164694,391.29999999999995,0.4382826475849732,1814.3000000000002,0.47357107424350986,0.52642892575649,0.7556861742908255,95.6,0.24431382570917456,4.61512051684126
251.8,0.0,99.9,146.1,12.4,1006.0,899.8,3,21.02,0.58022239872915,351.70000000000005,0.41541086152971274,1905.8,0.47213768496169584,0.5278623150383042,0.7159510946829684,99.9,0.28404890531703153,1.3862943611198906
251.8,0.0,99.9,146.1,12.4,1006.0,899.8,14,33.36,0.58022239872915,351.70000000000005,0.41541086152971274,1905.8,0.47213768496169584,0.5278623150383042,0.7159510946829684,99.9,0.28404890531703153,2.70805020110221
251.8,0.0,99.9,146.1,12.4,1006.0,899.8,28,33.94,0.58022239872915,351.70000000000005,0.41541086152971274,1905.8,0.47213768496169584,0.5278623150383042,0.7159510946829684,99.9,0.28404890531703153,3.367295829986474
251.8,0.0,99.9,146.1,12.4,1006.0,899.8,56,44.14,0.58022239872915,351.70000000000005,0.41541086152971274,1905.8,0.47213768496169584,0.5278623150383042,0.7159510946829684,99.9,0.28404890531703153,4.04305126783455
251.8,0.0,99.9,146.1,12.4,1006.0,899.8,100,45.37,0.58022239872915,351.70000000000005,0.41541086152971274,1905.8,0.47213768496169584,0.5278623150383042,0.7159510946829684,99.9,0.28404890531703153,4.61512051684126
249.1,0.0,98.8,158.1,12.8,987.8,889.0,3,15.36,0.6346848655158571,347.9,0.45444093130209834,1876.8,0.47367860187553285,0.5263213981244672,0.7160103478010923,98.8,0.28398965219890776,1.3862943611198906
249.1,0.0,98.8,158.1,12.8,987.8,889.0,14,28.68,0.6346848655158571,347.9,0.45444093130209834,1876.8,0.47367860187553285,0.5263213981244672,0.7160103478010923,98.8,0.28398965219890776,2.70805020110221
249.1,0.0,98.8,158.1,12.8,987.8,889.0,28,30.85,0.6346848655158571,347.9,0.45444093130209834,1876.8,0.47367860187553285,0.5263213981244672,0.7160103478010923,98.8,0.28398965219890776,3.367295829986474
249.1,0.0,98.8,158.1,12.8,987.8,889.0,56,42.03,0.6346848655158571,347.9,0.45444093130209834,1876.8,0.47367860187553285,0.5263213981244672,0.7160103478010923,98.8,0.28398965219890776,4.04305126783455
249.1,0.0,98.8,158.1,12.8,987.8,889.0,100,51.06,0.6346848655158571,347.9,0.45444093130209834,1876.8,0.47367860187553285,0.5263213981244672,0.7160103478010923,98.8,0.28398965219890776,4.61512051684126
252.3,0.0,98.8,146.3,14.2,987.8,889.0,3,21.78,0.5798652397938961,351.1,0.4166904015949872,1876.8,0.47367860187553285,0.5263213981244672,0.7185986898319567,98.8,0.28140131016804326,1.3862943611198906
252.3,0.0,98.8,146.3,14.2,987.8,889.0,14,42.29,0.5798652397938961,351.1,0.4166904015949872,1876.8,0.47367860187553285,0.5263213981244672,0.7185986898319567,98.8,0.28140131016804326,2.70805020110221
252.3,0.0,98.8,146.3,14.2,987.8,889.0,28,50.6,0.5798652397938961,351.1,0.4166904015949872,1876.8,0.47367860187553285,0.5263213981244672,0.7185986898319567,98.8,0.28140131016804326,3.367295829986474
252.3,0.0,98.8,146.3,14.2,987.8,889.0,56,55.83,0.5798652397938961,351.1,0.4166904015949872,1876.8,0.47367860187553285,0.5263213981244672,0.7185986898319567,98.8,0.28140131016804326,4.04305126783455
252.3,0.0,98.8,146.3,14.2,987.8,889.0,100,60.95,0.5798652397938961,351.1,0.4166904015949872,1876.8,0.47367860187553285,0.5263213981244672,0.7185986898319567,98.8,0.28140131016804326,4.61512051684126
246.8,0.0,125.1,143.3,12.0,1086.8,800.9,3,23.52,0.5806320907617504,371.9,0.38531863404140904,1887.6999999999998,0.42427292472320816,0.5757270752767919,0.6636192524872279,125.1,0.33638074751277225,1.3862943611198906
246.8,0.0,125.1,143.3,12.0,1086.8,800.9,14,42.22,0.5806320907617504,371.9,0.38531863404140904,1887.6999999999998,0.42427292472320816,0.5757270752767919,0.6636192524872279,125.1,0.33638074751277225,2.70805020110221
246.8,0.0,125.1,143.3,12.0,1086.8,800.9,28,52.5,0.5806320907617504,371.9,0.38531863404140904,1887.6999999999998,0.42427292472320816,0.5757270752767919,0.6636192524872279,125.1,0.33638074751277225,3.367295829986474
246.8,0.0,125.1,143.3,12.0,1086.8,800.9,56,60.32,0.5806320907617504,371.9,0.38531863404140904,1887.6999999999998,0.42427292472320816,0.5757270752767919,0.6636192524872279,125.1,0.33638074751277225,4.04305126783455
246.8,0.0,125.1,143.3,12.0,1086.8,800.9,100,66.42,0.5806320907617504,371.9,0.38531863404140904,1887.6999999999998,0.42427292472320816,0.5757270752767919,0.6636192524872279,125.1,0.33638074751277225,4.61512051684126
275.1,0.0,121.4,159.5,9.9,1053.6,777.5,3,23.8,0.5797891675754271,396.5,0.40226986128625475,1831.1,0.42460815903009125,0.5753918409699088,0.6938209331651956,121.4,0.30617906683480456,1.3862943611198906
275.1,0.0,121.4,159.5,9.9,1053.6,777.5,14,38.77,0.5797891675754271,396.5,0.40226986128625475,1831.1,0.42460815903009125,0.5753918409699088,0.6938209331651956,121.4,0.30617906683480456,2.70805020110221
275.1,0.0,121.4,159.5,9.9,1053.6,777.5,28,51.33,0.5797891675754271,396.5,0.40226986128625475,1831.1,0.42460815903009125,0.5753918409699088,0.6938209331651956,121.4,0.30617906683480456,3.367295829986474
275.1,0.0,121.4,159.5,9.9,1053.6,777.5,56,56.85,0.5797891675754271,396.5,0.40226986128625475,1831.1,0.42460815903009125,0.5753918409699088,0.6938209331651956,121.4,0.30617906683480456,4.04305126783455
275.1,0.0,121.4,159.5,9.9,1053.6,777.5,100,58.61,0.5797891675754271,396.5,0.40226986128625475,1831.1,0.42460815903009125,0.5753918409699088,0.6938209331651956,121.4,0.30617906683480456,4.61512051684126
297.2,0.0,117.5,174.8,9.5,1022.8,753.5,3,21.91,0.588156123822342,414.7,0.42150952495780086,1776.3,0.4241963632269324,0.5758036367730676,0.7166626476971304,117.5,0.28333735230286955,1.3862943611198906
297.2,0.0,117.5,174.8,9.5,1022.8,753.5,14,36.99,0.588156123822342,414.7,0.42150952495780086,1776.3,0.4241963632269324,0.5758036367730676,0.7166626476971304,117.5,0.28333735230286955,2.70805020110221
297.2,0.0,117.5,174.8,9.5,1022.8,753.5,28,47.4,0.588156123822342,414.7,0.42150952495780086,1776.3,0.4241963632269324,0.5758036367730676,0.7166626476971304,117.5,0.28333735230286955,3.367295829986474
297.2,0.0,117.5,174.8,9.5,1022.8,753.5,56,51.96,0.588156123822342,414.7,0.42150952495780086,1776.3,0.4241963632269324,0.5758036367730676,0.7166626476971304,117.5,0.28333735230286955,4.04305126783455
297.2,0.0,117.5,174.8,9.5,1022.8,753.5,100,56.74,0.588156123822342,414.7,0.42150952495780086,1776.3,0.4241963632269324,0.5758036367730676,0.7166626476971304,117.5,0.28333735230286955,4.61512051684126
213.7,0.0,174.7,154.8,10.2,1053.5,776.4,3,17.57,0.724379971923257,388.4,0.3985581874356334,1829.9,0.4242854800808787,0.5757145199191213,0.550205973223481,174.7,0.44979402677651903,1.3862943611198906
213.7,0.0,174.7,154.8,10.2,1053.5,776.4,14,33.73,0.724379971923257,388.4,0.3985581874356334,1829.9,0.4242854800808787,0.5757145199191213,0.550205973223481,174.7,0.44979402677651903,2.70805020110221
213.7,0.0,174.7,154.8,10.2,1053.5,776.4,28,40.15,0.724379971923257,388.4,0.3985581874356334,1829.9,0.4242854800808787,0.5757145199191213,0.550205973223481,174.7,0.44979402677651903,3.367295829986474
213.7,0.0,174.7,154.8,10.2,1053.5,776.4,56,46.64,0.724379971923257,388.4,0.3985581874356334,1829.9,0.4242854800808787,0.5757145199191213,0.550205973223481,174.7,0.44979402677651903,4.04305126783455
213.7,0.0,174.7,154.8,10.2,1053.5,776.4,100,50.08,0.724379971923257,388.4,0.3985581874356334,1829.9,0.4242854800808787,0.5757145199191213,0.550205973223481,174.7,0.44979402677651903,4.61512051684126
213.5,0.0,174.2,154.6,11.7,1052.3,775.5,3,17.37,0.7241217798594848,387.7,0.39876192932679905,1827.8,0.42428055585950325,0.5757194441404968,0.5506835181841631,174.2,0.449316481815837,1.3862943611198906
213.5,0.0,174.2,154.6,11.7,1052.3,775.5,14,33.7,0.7241217798594848,387.7,0.39876192932679905,1827.8,0.42428055585950325,0.5757194441404968,0.5506835181841631,174.2,0.449316481815837,2.70805020110221
213.5,0.0,174.2,154.6,11.7,1052.3,775.5,28,45.94,0.7241217798594848,387.7,0.39876192932679905,1827.8,0.42428055585950325,0.5757194441404968,0.5506835181841631,174.2,0.449316481815837,3.367295829986474
213.5,0.0,174.2,154.6,11.7,1052.3,775.5,56,51.43,0.7241217798594848,387.7,0.39876192932679905,1827.8,0.42428055585950325,0.5757194441404968,0.5506835181841631,174.2,0.449316481815837,4.04305126783455
213.5,0.0,174.2,154.6,11.7,1052.3,775.5,100,59.3,0.7241217798594848,387.7,0.39876192932679905,1827.8,0.42428055585950325,0.5757194441404968,0.5506835181841631,174.2,0.449316481815837,4.61512051684126
277.2,97.8,24.5,160.7,11.2,1061.7,782.5,3,30.45,0.5797258297258298,399.5,0.402252816020025,1844.2,0.42430322090879513,0.5756967790912049,0.6938673341677096,122.3,0.3061326658322904,1.3862943611198906
277.2,97.8,24.5,160.7,11.2,1061.7,782.5,14,47.71,0.5797258297258298,399.5,0.402252816020025,1844.2,0.42430322090879513,0.5756967790912049,0.6938673341677096,122.3,0.3061326658322904,2.70805020110221
277.2,97.8,24.5,160.7,11.2,1061.7,782.5,28,63.14,0.5797258297258298,399.5,0.402252816020025,1844.2,0.42430322090879513,0.5756967790912049,0.6938673341677096,122.3,0.3061326658322904,3.367295829986474
277.2,97.8,24.5,160.7,11.2,1061.7,782.5,56,66.82,0.5797258297258298,399.5,0.402252816020025,1844.2,0.42430322090879513,0.5756967790912049,0.6938673341677096,122.3,0.3061326658322904,4.04305126783455
277.2,97.8,24.5,160.7,11.2,1061.7,782.5,100,66.95,0.5797258297258298,399.5,0.402252816020025,1844.2,0.42430322090879513,0.5756967790912049,0.6938673341677096,122.3,0.3061326658322904,4.61512051684126
218.2,54.6,123.8,140.8,11.9,1075.7,792.7,3,27.42,0.6452795600366636,396.6,0.35501765002521435,1868.4,0.4242667523014344,0.5757332476985656,0.5501765002521432,178.4,0.4498234997478568,1.3862943611198906
218.2,54.6,123.8,140.8,11.9,1075.7,792.7,14,35.96,0.6452795600366636,396.6,0.35501765002521435,1868.4,0.4242667523014344,0.5757332476985656,0.5501765002521432,178.4,0.4498234997478568,2.70805020110221
218.2,54.6,123.8,140.8,11.9,1075.7,792.7,28,55.51,0.6452795600366636,396.6,0.35501765002521435,1868.4,0.4242667523014344,0.5757332476985656,0.5501765002521432,178.4,0.4498234997478568,3.367295829986474
218.2,54.6,123.8,140.8,11.9,1075.7,792.7,56,61.99,0.6452795600366636,396.6,0.35501765002521435,1868.4,0.4242667523014344,0.5757332476985656,0.5501765002521432,178.4,0.4498234997478568,4.04305126783455
218.2,54.6,123.8,140.8,11.9,1075.7,792.7,100,63.53,0.6452795600366636,396.6,0.35501765002521435,1868.4,0.4242667523014344,0.5757332476985656,0.5501765002521432,178.4,0.4498234997478568,4.61512051684126
214.9,53.8,121.9,155.6,9.6,1014.3,780.6,3,18.02,0.7240577012563982,390.6,0.39836149513568864,1794.9,0.43489888016045464,0.5651011198395454,0.5501792114695341,175.7,0.4498207885304659,1.3862943611198906
214.9,53.8,121.9,155.6,9.6,1014.3,780.6,14,38.6,0.7240577012563982,390.6,0.39836149513568864,1794.9,0.43489888016045464,0.5651011198395454,0.5501792114695341,175.7,0.4498207885304659,2.70805020110221
214.9,53.8,121.9,155.6,9.6,1014.3,780.6,28,52.2,0.7240577012563982,390.6,0.39836149513568864,1794.9,0.43489888016045464,0.5651011198395454,0.5501792114695341,175.7,0.4498207885304659,3.367295829986474
214.9,53.8,121.9,155.6,9.6,1014.3,780.6,56,53.96,0.7240577012563982,390.6,0.39836149513568864,1794.9,0.43489888016045464,0.5651011198395454,0.5501792114695341,175.7,0.4498207885304659,4.04305126783455
214.9,53.8,121.9,155.6,9.6,1014.3,780.6,100,56.63,0.7240577012563982,390.6,0.39836149513568864,1794.9,0.43489888016045464,0.5651011198395454,0.5501792114695341,175.7,0.4498207885304659,4.61512051684126
218.9,0.0,124.1,158.5,11.3,1078.7,794.9,3,15.34,0.7240749200548195,343.0,0.4620991253644315,1873.6,0.42426345004269855,0.5757365499573015,0.6381924198250729,124.1,0.3618075801749271,1.3862943611198906
218.9,0.0,124.1,158.5,11.3,1078.7,794.9,14,26.05,0.7240749200548195,343.0,0.4620991253644315,1873.6,0.42426345004269855,0.5757365499573015,0.6381924198250729,124.1,0.3618075801749271,2.70805020110221
218.9,0.0,124.1,158.5,11.3,1078.7,794.9,28,30.22,0.7240749200548195,343.0,0.4620991253644315,1873.6,0.42426345004269855,0.5757365499573015,0.6381924198250729,124.1,0.3618075801749271,3.367295829986474
218.9,0.0,124.1,158.5,11.3,1078.7,794.9,56,37.27,0.7240749200548195,343.0,0.4620991253644315,1873.6,0.42426345004269855,0.5757365499573015,0.6381924198250729,124.1,0.3618075801749271,4.04305126783455
218.9,0.0,124.1,158.5,11.3,1078.7,794.9,100,46.23,0.7240749200548195,343.0,0.4620991253644315,1873.6,0.42426345004269855,0.5757365499573015,0.6381924198250729,124.1,0.3618075801749271,4.61512051684126
376.0,0.0,0.0,214.6,0.0,1003.5,762.4,3,16.28,0.5707446808510638,376.0,0.5707446808510638,1765.9,0.43173452630386766,0.5682654736961322,1.0,0.0,0.0,1.3862943611198906
376.0,0.0,0.0,214.6,0.0,1003.5,762.4,14,25.62,0.5707446808510638,376.0,0.5707446808510638,1765.9,0.43173452630386766,0.5682654736961322,1.0,0.0,0.0,2.70805020110221
376.0,0.0,0.0,214.6,0.0,1003.5,762.4,28,31.97,0.5707446808510638,376.0,0.5707446808510638,1765.9,0.43173452630386766,0.5682654736961322,1.0,0.0,0.0,3.367295829986474
376.0,0.0,0.0,214.6,0.0,1003.5,762.4,56,36.3,0.5707446808510638,376.0,0.5707446808510638,1765.9,0.43173452630386766,0.5682654736961322,1.0,0.0,0.0,4.04305126783455
376.0,0.0,0.0,214.6,0.0,1003.5,762.4,100,43.06,0.5707446808510638,376.0,0.5707446808510638,1765.9,0.43173452630386766,0.5682654736961322,1.0,0.0,0.0,4.61512051684126
500.0,0.0,0.0,140.0,4.0,966.0,853.0,28,67.57,0.28,500.0,0.28,1819.0,0.46893897746014296,0.5310610225398571,1.0,0.0,0.0,3.367295829986474
475.0,0.0,59.0,142.0,1.9,1098.0,641.0,28,57.23,0.29894736842105263,534.0,0.26591760299625467,1739.0,0.36860264519838987,0.6313973548016101,0.8895131086142322,59.0,0.1104868913857678,3.367295829986474
315.0,137.0,0.0,145.0,5.9,1130.0,745.0,28,81.75,0.4603174603174603,452.0,0.32079646017699115,1875.0,0.3973333333333333,0.6026666666666667,0.6969026548672567,137.0,0.3030973451327434,3.367295829986474
505.0,0.0,60.0,195.0,0.0,1030.0,630.0,28,64.02,0.38613861386138615,565.0,0.34513274336283184,1660.0,0.3795180722891566,0.6204819277108434,0.8938053097345132,60.0,0.10619469026548672,3.367295829986474
451.0,0.0,0.0,165.0,11.3,1030.0,745.0,28,78.8,0.36585365853658536,451.0,0.36585365853658536,1775.0,0.4197183098591549,0.5802816901408451,1.0,0.0,0.0,3.367295829986474
516.0,0.0,0.0,162.0,8.2,801.0,802.0,28,41.37,0.313953488372093,516.0,0.313953488372093,1603.0,0.5003119151590767,0.49968808484092325,1.0,0.0,0.0,3.367295829986474
520.0,0.0,0.0,170.0,5.2,855.0,855.0,28,60.28,0.3269230769230769,520.0,0.3269230769230769,1710.0,0.5,0.5,1.0,0.0,0.0,3.367295829986474
528.0,0.0,0.0,185.0,6.9,920.0,720.0,28,56.83,0.3503787878787879,528.0,0.3503787878787879,1640.0,0.43902439024390244,0.5609756097560976,1.0,0.0,0.0,3.367295829986474
520.0,0.0,0.0,175.0,5.2,870.0,805.0,28,51.02,0.33653846153846156,520.0,0.33653846153846156,1675.0,0.48059701492537316,0.5194029850746269,1.0,0.0,0.0,3.367295829986474
385.0,0.0,136.0,158.0,20.0,903.0,768.0,28,55.55,0.4103896103896104,521.0,0.30326295585412666,1671.0,0.45960502692998206,0.5403949730700179,0.7389635316698656,136.0,0.26103646833013433,3.367295829986474
500.1,0.0,0.0,200.0,3.0,1124.4,613.2,28,44.13,0.3999200159968006,500.1,0.3999200159968006,1737.6000000000001,0.35290055248618785,0.6470994475138122,1.0,0.0,0.0,3.367295829986474
450.1,50.0,0.0,200.0,3.0,1124.4,613.2,28,39.38,0.44434570095534326,500.1,0.3999200159968006,1737.6000000000001,0.35290055248618785,0.6470994475138122,0.9000199960007998,50.0,0.09998000399920015,3.367295829986474
397.0,17.2,158.0,167.0,20.8,967.0,633.0,28,55.65,0.42065491183879095,572.2,0.2918559944075498,1600.0,0.395625,0.604375,0.693813351974834,175.2,0.306186648025166,3.367295829986474
333.0,17.5,163.0,167.0,17.9,996.0,652.0,28,47.28,0.5015015015015015,513.5,0.3252190847127556,1648.0,0.39563106796116504,0.6043689320388349,0.6484907497565725,180.5,0.35150925024342744,3.367295829986474
334.0,17.6,158.0,189.0,15.3,967.0,633.0,28,44.33,0.5658682634730539,509.6,0.37087912087912084,1600.0,0.395625,0.604375,0.6554160125588697,175.6,0.3445839874411303,3.367295829986474
405.0,0.0,0.0,175.0,0.0,1120.0,695.0,28,52.3,0.43209876543209874,405.0,0.43209876543209874,1815.0,0.38292011019283745,0.6170798898071626,1.0,0.0,0.0,3.367295829986474
200.0,200.0,0.0,190.0,0.0,1145.0,660.0,28,49.25,0.95,400.0,0.475,1805.0,0.3656509695290859,0.6343490304709142,0.5,200.0,0.5,3.367295829986474
516.0,0.0,0.0,162.0,8.3,801.0,802.0,28,41.37,0.313953488372093,516.0,0.313953488372093,1603.0,0.5003119151590767,0.49968808484092325,1.0,0.0,0.0,3.367295829986474
145.0,116.0,119.0,184.0,5.7,833.0,880.0,28,29.16,1.2689655172413794,380.0,0.4842105263157895,1713.0,0.5137186223000584,0.4862813776999416,0.3815789473684211,235.0,0.618421052631579,3.367295829986474
160.0,128.0,122.0,182.0,6.4,824.0,879.0,28,39.4,1.1375,410.0,0.44390243902439025,1703.0,0.5161479741632413,0.4838520258367587,0.3902439024390244,250.0,0.6097560975609756,3.367295829986474
234.0,156.0,0.0,189.0,5.9,981.0,760.0,28,39.3,0.8076923076923077,390.0,0.4846153846153846,1741.0,0.4365307294658242,0.5634692705341757,0.6,156.0,0.4,3.367295829986474
250.0,180.0,95.0,159.0,9.5,860.0,800.0,28,67.87,0.636,525.0,0.3028571428571429,1660.0,0.4819277108433735,0.5180722891566265,0.47619047619047616,275.0,0.5238095238095238,3.367295829986474
475.0,0.0,0.0,162.0,9.5,1044.0,662.0,28,58.52,0.3410526315789474,475.0,0.3410526315789474,1706.0,0.388042203985932,0.611957796014068,1.0,0.0,0.0,3.367295829986474
285.0,190.0,0.0,163.0,7.6,1031.0,685.0,28,53.58,0.5719298245614035,475.0,0.3431578947368421,1716.0,0.3991841491841492,0.6008158508158508,0.6,190.0,0.4,3.367295829986474
356.0,119.0,0.0,160.0,9.0,1061.0,657.0,28,59.0,0.449438202247191,475.0,0.3368421052631579,1718.0,0.38242142025611175,0.6175785797438882,0.7494736842105263,119.0,0.2505263157894737,3.367295829986474
275.0,180.0,120.0,162.0,10.4,830.0,765.0,28,76.24,0.5890909090909091,575.0,0.2817391304347826,1595.0,0.47962382445141066,0.5203761755485894,0.4782608695652174,300.0,0.5217391304347826,3.367295829986474
500.0,0.0,0.0,151.0,9.0,1033.0,655.0,28,69.84,0.302,500.0,0.302,1688.0,0.38803317535545023,0.6119668246445498,1.0,0.0,0.0,3.367295829986474
165.0,0.0,143.6,163.8,0.0,1005.6,900.9,3,14.4,0.9927272727272728,308.6,0.5307841866493843,1906.5,0.47254130605822187,0.5274586939417781,0.5346727154893065,143.6,0.4653272845106934,1.3862943611198906
165.0,128.5,132.1,175.1,8.1,1005.8,746.6,3,19.42,1.0612121212121213,425.6,0.41141917293233077,1752.4,0.42604428212736817,0.5739557178726318,0.387687969924812,260.6,0.612312030075188,1.3862943611198906
178.0,129.8,118.6,179.9,3.6,1007.3,746.8,3,20.73,1.0106741573033708,426.4,0.42190431519699817,1754.1,0.42574539649962945,0.5742546035003706,0.4174484052532833,248.4,0.5825515947467167,1.3862943611198906
167.4,129.9,128.6,175.5,7.8,1006.3,746.6,3,14.94,1.0483870967741935,425.9,0.41206856069499886,1752.9,0.4259227565748189,0.5740772434251811,0.39305001173984505,258.5,0.606949988260155,1.3862943611198906
172.4,13.6,172.4,156.8,4.1,1006.3,856.4,3,21.29,0.9095127610208817,358.4,0.43750000000000006,1862.6999999999998,0.459762710044559,0.5402372899554411,0.48102678571428575,186.0,0.5189732142857143,1.3862943611198906
173.5,50.1,173.5,164.8,6.5,1006.2,793.5,3,23.08,0.94985590778098,397.1,0.41500881390078065,1799.7,0.44090681780296714,0.5590931821970329,0.43691765298413493,223.6,0.563082347015865,1.3862943611198906
167.0,75.4,167.0,164.0,7.9,1007.3,770.1,3,15.52,0.9820359281437125,409.4,0.4005862237420616,1777.4,0.4332733205806234,0.5667266794193766,0.407914020517831,242.4,0.5920859794821691,1.3862943611198906
173.8,93.4,159.9,172.3,9.7,1007.2,746.6,3,15.82,0.9913693901035673,427.1,0.403418403184266,1753.8000000000002,0.4257041851978561,0.5742958148021439,0.4069304612502927,253.3,0.5930695387497074,1.3862943611198906
190.3,0.0,125.2,166.6,9.9,1079.0,798.9,3,12.55,0.8754598003152916,315.5,0.5280507131537242,1877.9,0.4254220139517546,0.5745779860482454,0.6031695721077655,125.2,0.39683042789223455,1.3862943611198906
250.0,0.0,95.7,191.8,5.3,948.9,857.2,3,8.49,0.7672,345.7,0.5548163147237489,1806.1,0.47461380875920495,0.5253861912407951,0.7231703789412786,95.7,0.27682962105872144,1.3862943611198906
213.5,0.0,174.2,159.2,11.7,1043.6,771.9,3,15.61,0.7456674473067915,387.7,0.41062677327830793,1815.5,0.4251721288901129,0.574827871109887,0.5506835181841631,174.2,0.449316481815837,1.3862943611198906
194.7,0.0,100.5,170.2,7.5,998.0,901.8,3,12.18,0.8741653826399589,295.2,0.5765582655826558,1899.8,0.4746815454258343,0.5253184545741657,0.6595528455284553,100.5,0.3404471544715447,1.3862943611198906
251.4,0.0,118.3,192.9,5.8,1043.6,754.3,3,11.98,0.7673031026252983,369.7,0.5217744116851502,1797.8999999999999,0.4195450247510985,0.5804549752489014,0.6800108195834461,118.3,0.31998918041655394,1.3862943611198906
165.0,0.0,143.6,163.8,0.0,1005.6,900.9,14,16.88,0.9927272727272728,308.6,0.5307841866493843,1906.5,0.47254130605822187,0.5274586939417781,0.5346727154893065,143.6,0.4653272845106934,2.70805020110221
165.0,128.5,132.1,175.1,8.1,1005.8,746.6,14,33.09,1.0612121212121213,425.6,0.41141917293233077,1752.4,0.42604428212736817,0.5739557178726318,0.387687969924812,260.6,0.612312030075188,2.70805020110221
178.0,129.8,118.6,179.9,3.6,1007.3,746.8,14,34.24,1.0106741573033708,426.4,0.42190431519699817,1754.1,0.42574539649962945,0.5742546035003706,0.4174484052532833,248.4,0.5825515947467167,2.70805020110221
167.4,129.9,128.6,175.5,7.8,1006.3,746.6,14,31.81,1.0483870967741935,425.9,0.41206856069499886,1752.9,0.4259227565748189,0.5740772434251811,0.39305001173984505,258.5,0.606949988260155,2.70805020110221
172.4,13.6,172.4,156.8,4.1,1006.3,856.4,14,29.75,0.9095127610208817,358.4,0.43750000000000006,1862.6999999999998,0.459762710044559,0.5402372899554411,0.48102678571428575,186.0,0.5189732142857143,2.70805020110221
173.5,50.1,173.5,164.8,6.5,1006.2,793.5,14,33.01,0.94985590778098,397.1,0.41500881390078065,1799.7,0.44090681780296714,0.5590931821970329,0.43691765298413493,223.6,0.563082347015865,2.70805020110221
167.0,75.4,167.0,164.0,7.9,1007.3,770.1,14,32.9,0.9820359281437125,409.4,0.4005862237420616,1777.4,0.4332733205806234,0.5667266794193766,0.407914020517831,242.4,0.5920859794821691,2.70805020110221
173.8,93.4,159.9,172.3,9.7,1007.2,746.6,14,29.55,0.9913693901035673,427.1,0.403418403184266,1753.8000000000002,0.4257041851978561,0.5742958148021439,0.4069304612502927,253.3,0.5930695387497074,2.70805020110221
190.3,0.0,125.2,166.6,9.9,1079.0,798.9,14,19.42,0.8754598003152916,315.5,0.5280507131537242,1877.9,0.4254220139517546,0.5745779860482454,0.6031695721077655,125.2,0.39683042789223455,2.70805020110221
250.0,0.0,95.7,191.8,5.3,948.9,857.2,14,24.66,0.7672,345.7,0.5548163147237489,1806.1,0.47461380875920495,0.5253861912407951,0.7231703789412786,95.7,0.27682962105872144,2.70805020110221
213.5,0.0,174.2,159.2,11.7,1043.6,771.9,14,29.59,0.7456674473067915,387.7,0.41062677327830793,1815.5,0.4251721288901129,0.574827871109887,0.5506835181841631,174.2,0.449316481815837,2.70805020110221
194.7,0.0,100.5,170.2,7.5,998.0,901.8,14,24.28,0.8741653826399589,295.2,0.5765582655826558,1899.8,0.4746815454258343,0.5253184545741657,0.6595528455284553,100.5,0.3404471544715447,2.70805020110221
251.4,0.0,118.3,192.9,5.8,1043.6,754.3,14,20.73,0.7673031026252983,369.7,0.5217744116851502,1797.8999999999999,0.4195450247510985,0.5804549752489014,0.6800108195834461,118.3,0.31998918041655394,2.70805020110221
165.0,0.0,143.6,163.8,0.0,1005.6,900.9,28,26.2,0.9927272727272728,308.6,0.5307841866493843,1906.5,0.47254130605822187,0.5274586939417781,0.5346727154893065,143.6,0.4653272845106934,3.367295829986474
165.0,128.5,132.1,175.1,8.1,1005.8,746.6,28,46.39,1.0612121212121213,425.6,0.41141917293233077,1752.4,0.42604428212736817,0.5739557178726318,0.387687969924812,260.6,0.612312030075188,3.367295829986474
178.0,129.8,118.6,179.9,3.6,1007.3,746.8,28,39.16,1.0106741573033708,426.4,0.42190431519699817,1754.1,0.42574539649962945,0.5742546035003706,0.4174484052532833,248.4,0.5825515947467167,3.367295829986474
167.4,129.9,128.6,175.5,7.8,1006.3,746.6,28,41.2,1.0483870967741935,425.9,0.41206856069499886,1752.9,0.4259227565748189,0.5740772434251811,0.39305001173984505,258.5,0.606949988260155,3.367295829986474
172.4,13.6,172.4,156.8,4.1,1006.3,856.4,28,33.69,0.9095127610208817,358.4,0.43750000000000006,1862.6999999999998,0.459762710044559,0.5402372899554411,0.48102678571428575,186.0,0.5189732142857143,3.367295829986474
173.5,50.1,173.5,164.8,6.5,1006.2,793.5,28,38.2,0.94985590778098,397.1,0.41500881390078065,1799.7,0.44090681780296714,0.5590931821970329,0.43691765298413493,223.6,0.563082347015865,3.367295829986474
167.0,75.4,167.0,164.0,7.9,1007.3,770.1,28,41.41,0.9820359281437125,409.4,0.4005862237420616,1777.4,0.4332733205806234,0.5667266794193766,0.407914020517831,242.4,0.5920859794821691,3.367295829986474
173.8,93.4,159.9,172.3,9.7,1007.2,746.6,28,37.81,0.9913693901035673,427.1,0.403418403184266,1753.8000000000002,0.4257041851978561,0.5742958148021439,0.4069304612502927,253.3,0.5930695387497074,3.367295829986474
190.3,0.0,125.2,166.6,9.9,1079.0,798.9,28,24.85,0.8754598003152916,315.5,0.5280507131537242,1877.9,0.4254220139517546,0.5745779860482454,0.6031695721077655,125.2,0.39683042789223455,3.367295829986474
250.0,0.0,95.7,191.8,5.3,948.9,857.2,28,27.22,0.7672,345.7,0.5548163147237489,1806.1,0.47461380875920495,0.5253861912407951,0.7231703789412786,95.7,0.27682962105872144,3.367295829986474
213.5,0.0,174.2,159.2,11.7,1043.6,771.9,28,44.64,0.7456674473067915,387.7,0.41062677327830793,1815.5,0.4251721288901129,0.574827871109887,0.5506835181841631,174.2,0.449316481815837,3.367295829986474
194.7,0.0,100.5,170.2,7.5,998.0,901.8,28,37.27,0.8741653826399589,295.2,0.5765582655826558,1899.8,0.4746815454258343,0.5253184545741657,0.6595528455284553,100.5,0.3404471544715447,3.367295829986474
251.4,0.0,118.3,192.9,5.8,1043.6,754.3,28,33.27,0.7673031026252983,369.7,0.5217744116851502,1797.8999999999999,0.4195450247510985,0.5804549752489014,0.6800108195834461,118.3,0.31998918041655394,3.367295829986474
165.0,0.0,143.6,163.8,0.0,1005.6,900.9,56,36.56,0.9927272727272728,308.6,0.5307841866493843,1906.5,0.47254130605822187,0.5274586939417781,0.5346727154893065,143.6,0.4653272845106934,4.04305126783455
165.0,128.5,132.1,175.1,8.1,1005.8,746.6,56,53.72,1.0612121212121213,425.6,0.41141917293233077,1752.4,0.42604428212736817,0.5739557178726318,0.387687969924812,260.6,0.612312030075188,4.04305126783455
178.0,129.8,118.6,179.9,3.6,1007.3,746.8,56,48.59,1.0106741573033708,426.4,0.42190431519699817,1754.1,0.42574539649962945,0.5742546035003706,0.4174484052532833,248.4,0.5825515947467167,4.04305126783455
167.4,129.9,128.6,175.5,7.8,1006.3,746.6,56,51.72,1.0483870967741935,425.9,0.41206856069499886,1752.9,0.4259227565748189,0.5740772434251811,0.39305001173984505,258.5,0.606949988260155,4.04305126783455
172.4,13.6,172.4,156.8,4.1,1006.3,856.4,56,35.85,0.9095127610208817,358.4,0.43750000000000006,1862.6999999999998,0.459762710044559,0.5402372899554411,0.48102678571428575,186.0,0.5189732142857143,4.04305126783455
173.5,50.1,173.5,164.8,6.5,1006.2,793.5,56,53.77,0.94985590778098,397.1,0.41500881390078065,1799.7,0.44090681780296714,0.5590931821970329,0.43691765298413493,223.6,0.563082347015865,4.04305126783455
167.0,75.4,167.0,164.0,7.9,1007.3,770.1,56,53.46,0.9820359281437125,409.4,0.4005862237420616,1777.4,0.4332733205806234,0.5667266794193766,0.407914020517831,242.4,0.5920859794821691,4.04305126783455
173.8,93.4,159.9,172.3,9.7,1007.2,746.6,56,48.99,0.9913693901035673,427.1,0.403418403184266,1753.8000000000002,0.4257041851978561,0.5742958148021439,0.4069304612502927,253.3,0.5930695387497074,4.04305126783455
190.3,0.0,125.2,166.6,9.9,1079.0,798.9,56,31.72,0.8754598003152916,315.5,0.5280507131537242,1877.9,0.4254220139517546,0.5745779860482454,0.6031695721077655,125.2,0.39683042789223455,4.04305126783455
250.0,0.0,95.7,191.8,5.3,948.9,857.2,56,39.64,0.7672,345.7,0.5548163147237489,1806.1,0.47461380875920495,0.5253861912407951,0.7231703789412786,95.7,0.27682962105872144,4.04305126783455
213.5,0.0,174.2,159.2,11.7,1043.6,771.9,56,51.26,0.7456674473067915,387.7,0.41062677327830793,1815.5,0.4251721288901129,0.574827871109887,0.5506835181841631,174.2,0.449316481815837,4.04305126783455
194.7,0.0,100.5,170.2,7.5,998.0,901.8,56,43.39,0.8741653826399589,295.2,0.5765582655826558,1899.8,0.4746815454258343,0.5253184545741657,0.6595528455284553,100.5,0.3404471544715447,4.04305126783455
251.4,0.0,118.3,192.9,5.8,1043.6,754.3,56,39.27,0.7673031026252983,369.7,0.5217744116851502,1797.8999999999999,0.4195450247510985,0.5804549752489014,0.6800108195834461,118.3,0.31998918041655394,4.04305126783455
165.0,0.0,143.6,163.8,0.0,1005.6,900.9,100,37.96,0.9927272727272728,308.6,0.5307841866493843,1906.5,0.47254130605822187,0.5274586939417781,0.5346727154893065,143.6,0.4653272845106934,4.61512051684126
165.0,128.5,132.1,175.1,8.1,1005.8,746.6,100,55.02,1.0612121212121213,425.6,0.41141917293233077,1752.4,0.42604428212736817,0.5739557178726318,0.387687969924812,260.6,0.612312030075188,4.61512051684126
178.0,129.8,118.6,179.9,3.6,1007.3,746.8,100,49.99,1.0106741573033708,426.4,0.42190431519699817,1754.1,0.42574539649962945,0.5742546035003706,0.4174484052532833,248.4,0.5825515947467167,4.61512051684126
167.4,129.9,128.6,175.5,7.8,1006.3,746.6,100,53.66,1.0483870967741935,425.9,0.41206856069499886,1752.9,0.4259227565748189,0.5740772434251811,0.39305001173984505,258.5,0.606949988260155,4.61512051684126
172.4,13.6,172.4,156.8,4.1,1006.3,856.4,100,37.68,0.9095127610208817,358.4,0.43750000000000006,1862.6999999999998,0.459762710044559,0.5402372899554411,0.48102678571428575,186.0,0.5189732142857143,4.61512051684126
173.5,50.1,173.5,164.8,6.5,1006.2,793.5,100,56.06,0.94985590778098,397.1,0.41500881390078065,1799.7,0.44090681780296714,0.5590931821970329,0.43691765298413493,223.6,0.563082347015865,4.61512051684126
167.0,75.4,167.0,164.0,7.9,1007.3,770.1,100,56.81,0.9820359281437125,409.4,0.4005862237420616,1777.4,0.4332733205806234,0.5667266794193766,0.407914020517831,242.4,0.5920859794821691,4.61512051684126
173.8,93.4,159.9,172.3,9.7,1007.2,746.6,100,50.94,0.9913693901035673,427.1,0.403418403184266,1753.8000000000002,0.4257041851978561,0.5742958148021439,0.4069304612502927,253.3,0.5930695387497074,4.61512051684126
190.3,0.0,125.2,166.6,9.9,1079.0,798.9,100,33.56,0.8754598003152916,315.5,0.5280507131537242,1877.9,0.4254220139517546,0.5745779860482454,0.6031695721077655,125.2,0.39683042789223455,4.61512051684126
250.0,0.0,95.7,191.8,5.3,948.9,857.2,100,41.16,0.7672,345.7,0.5548163147237489,1806.1,0.47461380875920495,0.5253861912407951,0.7231703789412786,95.7,0.27682962105872144,4.61512051684126
213.5,0.0,174.2,159.2,11.7,1043.6,771.9,100,52.96,0.7456674473067915,387.7,0.41062677327830793,1815.5,0.4251721288901129,0.574827871109887,0.5506835181841631,174.2,0.449316481815837,4.61512051684126
194.7,0.0,100.5,170.2,7.5,998.0,901.8,100,44.28,0.8741653826399589,295.2,0.5765582655826558,1899.8,0.4746815454258343,0.5253184545741657,0.6595528455284553,100.5,0.3404471544715447,4.61512051684126
251.4,0.0,118.3,192.9,5.8,1043.6,754.3,100,40.15,0.7673031026252983,369.7,0.5217744116851502,1797.8999999999999,0.4195450247510985,0.5804549752489014,0.6800108195834461,118.3,0.31998918041655394,4.61512051684126
446.0,24.0,79.0,162.0,11.6,967.0,712.0,28,57.03,0.3632286995515695,549.0,0.29508196721311475,1679.0,0.4240619416319238,0.5759380583680762,0.8123861566484517,103.0,0.18761384335154827,3.367295829986474
446.0,24.0,79.0,162.0,11.6,967.0,712.0,28,44.42,0.3632286995515695,549.0,0.29508196721311475,1679.0,0.4240619416319238,0.5759380583680762,0.8123861566484517,103.0,0.18761384335154827,3.367295829986474
446.0,24.0,79.0,162.0,11.6,967.0,712.0,28,51.02,0.3632286995515695,549.0,0.29508196721311475,1679.0,0.4240619416319238,0.5759380583680762,0.8123861566484517,103.0,0.18761384335154827,3.367295829986474
446.0,24.0,79.0,162.0,10.3,967.0,712.0,28,53.39,0.3632286995515695,549.0,0.29508196721311475,1679.0,0.4240619416319238,0.5759380583680762,0.8123861566484517,103.0,0.18761384335154827,3.367295829986474
446.0,24.0,79.0,162.0,11.6,967.0,712.0,3,35.36,0.3632286995515695,549.0,0.29508196721311475,1679.0,0.4240619416319238,0.5759380583680762,0.8123861566484517,103.0,0.18761384335154827,1.3862943611198906
446.0,24.0,79.0,162.0,11.6,967.0,712.0,3,25.02,0.3632286995515695,549.0,0.29508196721311475,1679.0,0.4240619416319238,0.5759380583680762,0.8123861566484517,103.0,0.18761384335154827,1.3862943611198906
446.0,24.0,79.0,162.0,11.6,967.0,712.0,3,23.35,0.3632286995515695,549.0,0.29508196721311475,1679.0,0.4240619416319238,0.5759380583680762,0.8123861566484517,103.0,0.18761384335154827,1.3862943611198906
446.0,24.0,79.0,162.0,11.6,967.0,712.0,7,52.01,0.3632286995515695,549.0,0.29508196721311475,1679.0,0.4240619416319238,0.5759380583680762,0.8123861566484517,103.0,0.18761384335154827,2.0794415416798357
446.0,24.0,79.0,162.0,11.6,967.0,712.0,7,38.02,0.3632286995515695,549.0,0.29508196721311475,1679.0,0.4240619416319238,0.5759380583680762,0.8123861566484517,103.0,0.18761384335154827,2.0794415416798357
446.0,24.0,79.0,162.0,11.6,967.0,712.0,7,39.3,0.3632286995515695,549.0,0.29508196721311475,1679.0,0.4240619416319238,0.5759380583680762,0.8123861566484517,103.0,0.18761384335154827,2.0794415416798357
446.0,24.0,79.0,162.0,11.6,967.0,712.0,56,61.07,0.3632286995515695,549.0,0.29508196721311475,1679.0,0.4240619416319238,0.5759380583680762,0.8123861566484517,103.0,0.18761384335154827,4.04305126783455
446.0,24.0,79.0,162.0,11.6,967.0,712.0,56,56.14,0.3632286995515695,549.0,0.29508196721311475,1679.0,0.4240619416319238,0.5759380583680762,0.8123861566484517,103.0,0.18761384335154827,4.04305126783455
446.0,24.0,79.0,162.0,11.6,967.0,712.0,56,55.25,0.3632286995515695,549.0,0.29508196721311475,1679.0,0.4240619416319238,0.5759380583680762,0.8123861566484517,103.0,0.18761384335154827,4.04305126783455
446.0,24.0,79.0,162.0,10.3,967.0,712.0,56,54.77,0.3632286995515695,549.0,0.29508196721311475,1679.0,0.4240619416319238,0.5759380583680762,0.8123861566484517,103.0,0.18761384335154827,4.04305126783455
387.0,20.0,94.0,157.0,14.3,938.0,845.0,28,50.24,0.40568475452196384,501.0,0.313373253493014,1783.0,0.4739203589455973,0.5260796410544027,0.7724550898203593,114.0,0.2275449101796407,3.367295829986474
387.0,20.0,94.0,157.0,13.9,938.0,845.0,28,46.68,0.40568475452196384,501.0,0.313373253493014,1783.0,0.4739203589455973,0.5260796410544027,0.7724550898203593,114.0,0.2275449101796407,3.367295829986474
387.0,20.0,94.0,157.0,11.6,938.0,845.0,28,46.68,0.40568475452196384,501.0,0.313373253493014,1783.0,0.4739203589455973,0.5260796410544027,0.7724550898203593,114.0,0.2275449101796407,3.367295829986474
387.0,20.0,94.0,157.0,14.3,938.0,845.0,3,22.75,0.40568475452196384,501.0,0.313373253493014,1783.0,0.4739203589455973,0.5260796410544027,0.7724550898203593,114.0,0.2275449101796407,1.3862943611198906
387.0,20.0,94.0,157.0,13.9,938.0,845.0,3,25.51,0.40568475452196384,501.0,0.313373253493014,1783.0,0.4739203589455973,0.5260796410544027,0.7724550898203593,114.0,0.2275449101796407,1.3862943611198906
387.0,20.0,94.0,157.0,11.6,938.0,845.0,3,34.77,0.40568475452196384,501.0,0.313373253493014,1783.0,0.4739203589455973,0.5260796410544027,0.7724550898203593,114.0,0.2275449101796407,1.3862943611198906
387.0,20.0,94.0,157.0,14.3,938.0,845.0,7,36.84,0.40568475452196384,501.0,0.313373253493014,1783.0,0.4739203589455973,0.5260796410544027,0.7724550898203593,114.0,0.2275449101796407,2.0794415416798357
387.0,20.0,94.0,157.0,13.9,938.0,845.0,7,45.9,0.40568475452196384,501.0,0.313373253493014,1783.0,0.4739203589455973,0.5260796410544027,0.7724550898203593,114.0,0.2275449101796407,2.0794415416798357
387.0,20.0,94.0,157.0,11.6,938.0,845.0,7,41.67,0.40568475452196384,501.0,0.313373253493014,1783.0,0.4739203589455973,0.5260796410544027,0.7724550898203593,114.0,0.2275449101796407,2.0794415416798357
387.0,20.0,94.0,157.0,14.3,938.0,845.0,56,56.34,0.40568475452196384,501.0,0.313373253493014,1783.0,0.4739203589455973,0.5260796410544027,0.7724550898203593,114.0,0.2275449101796407,4.04305126783455
387.0,20.0,94.0,157.0,13.9,938.0,845.0,56,47.97,0.40568475452196384,501.0,0.313373253493014,1783.0,0.4739203589455973,0.5260796410544027,0.7724550898203593,114.0,0.2275449101796407,4.04305126783455
387.0,20.0,94.0,157.0,11.6,938.0,845.0,56,61.46,0.40568475452196384,501.0,0.313373253493014,1783.0,0.4739203589455973,0.5260796410544027,0.7724550898203593,114.0,0.2275449101796407,4.04305126783455
355.0,19.0,97.0,145.0,13.1,967.0,871.0,28,44.03,0.4084507042253521,471.0,0.3078556263269639,1838.0,0.4738846572361262,0.5261153427638737,0.7537154989384289,116.0,0.24628450106157113,3.367295829986474
355.0,19.0,97.0,145.0,12.3,967.0,871.0,28,55.45,0.4084507042253521,471.0,0.3078556263269639,1838.0,0.4738846572361262,0.5261153427638737,0.7537154989384289,116.0,0.24628450106157113,3.367295829986474
491.0,26.0,123.0,210.0,3.9,882.0,699.0,28,55.55,0.42769857433808556,640.0,0.328125,1581.0,0.44212523719165087,0.5578747628083491,0.7671875,149.0,0.2328125,3.367295829986474
491.0,26.0,123.0,201.0,3.9,822.0,699.0,28,57.92,0.4093686354378819,640.0,0.3140625,1521.0,0.45956607495069035,0.5404339250493096,0.7671875,149.0,0.2328125,3.367295829986474
491.0,26.0,123.0,210.0,3.9,882.0,699.0,3,25.61,0.42769857433808556,640.0,0.328125,1581.0,0.44212523719165087,0.5578747628083491,0.7671875,149.0,0.2328125,1.3862943611198906
491.0,26.0,123.0,210.0,3.9,882.0,699.0,7,33.49,0.42769857433808556,640.0,0.328125,1581.0,0.44212523719165087,0.5578747628083491,0.7671875,149.0,0.2328125,2.0794415416798357
491.0,26.0,123.0,210.0,3.9,882.0,699.0,56,59.59,0.42769857433808556,640.0,0.328125,1581.0,0.44212523719165087,0.5578747628083491,0.7671875,149.0,0.2328125,4.04305126783455
491.0,26.0,123.0,201.0,3.9,822.0,699.0,3,29.55,0.4093686354378819,640.0,0.3140625,1521.0,0.45956607495069035,0.5404339250493096,0.7671875,149.0,0.2328125,1.3862943611198906
491.0,26.0,123.0,201.0,3.9,822.0,699.0,7,37.92,0.4093686354378819,640.0,0.3140625,1521.0,0.45956607495069035,0.5404339250493096,0.7671875,149.0,0.2328125,2.0794415416798357
491.0,26.0,123.0,201.0,3.9,822.0,699.0,56,61.86,0.4093686354378819,640.0,0.3140625,1521.0,0.45956607495069035,0.5404339250493096,0.7671875,149.0,0.2328125,4.04305126783455
424.0,22.0,132.0,178.0,8.5,822.0,750.0,28,62.05,0.419811320754717,578.0,0.3079584775086505,1572.0,0.4770992366412214,0.5229007633587787,0.7335640138408305,154.0,0.2664359861591695,3.367295829986474
424.0,22.0,132.0,178.0,8.5,882.0,750.0,3,32.01,0.419811320754717,578.0,0.3079584775086505,1632.0,0.45955882352941174,0.5404411764705882,0.7335640138408305,154.0,0.2664359861591695,1.3862943611198906
424.0,22.0,132.0,168.0,8.9,822.0,750.0,28,72.1,0.39622641509433965,578.0,0.2906574394463668,1572.0,0.4770992366412214,0.5229007633587787,0.7335640138408305,154.0,0.2664359861591695,3.367295829986474
424.0,22.0,132.0,178.0,8.5,822.0,750.0,7,39.0,0.419811320754717,578.0,0.3079584775086505,1572.0,0.4770992366412214,0.5229007633587787,0.7335640138408305,154.0,0.2664359861591695,2.0794415416798357
424.0,22.0,132.0,178.0,8.5,822.0,750.0,56,65.7,0.419811320754717,578.0,0.3079584775086505,1572.0,0.4770992366412214,0.5229007633587787,0.7335640138408305,154.0,0.2664359861591695,4.04305126783455
424.0,22.0,132.0,168.0,8.9,822.0,750.0,3,32.11,0.39622641509433965,578.0,0.2906574394463668,1572.0,0.4770992366412214,0.5229007633587787,0.7335640138408305,154.0,0.2664359861591695,1.3862943611198906
424.0,22.0,132.0,168.0,8.9,822.0,750.0,7,40.29,0.39622641509433965,578.0,0.2906574394463668,1572.0,0.4770992366412214,0.5229007633587787,0.7335640138408305,154.0,0.2664359861591695,2.0794415416798357
424.0,22.0,132.0,168.0,8.9,822.0,750.0,56,74.36,0.39622641509433965,578.0,0.2906574394463668,1572.0,0.4770992366412214,0.5229007633587787,0.7335640138408305,154.0,0.2664359861591695,4.04305126783455
202.0,11.0,141.0,206.0,1.7,942.0,801.0,28,21.97,1.0198019801980198,354.0,0.5819209039548022,1743.0,0.459552495697074,0.540447504302926,0.5706214689265536,152.0,0.4293785310734463,3.367295829986474
202.0,11.0,141.0,206.0,1.7,942.0,801.0,3,9.85,1.0198019801980198,354.0,0.5819209039548022,1743.0,0.459552495697074,0.540447504302926,0.5706214689265536,152.0,0.4293785310734463,1.3862943611198906
202.0,11.0,141.0,206.0,1.7,942.0,801.0,7,15.07,1.0198019801980198,354.0,0.5819209039548022,1743.0,0.459552495697074,0.540447504302926,0.5706214689265536,152.0,0.4293785310734463,2.0794415416798357
202.0,11.0,141.0,206.0,1.7,942.0,801.0,56,23.25,1.0198019801980198,354.0,0.5819209039548022,1743.0,0.459552495697074,0.540447504302926,0.5706214689265536,152.0,0.4293785310734463,4.04305126783455
284.0,15.0,141.0,179.0,5.5,842.0,801.0,28,43.73,0.6302816901408451,440.0,0.4068181818181818,1643.0,0.48752282410225195,0.512477175897748,0.6454545454545455,156.0,0.35454545454545455,3.367295829986474
284.0,15.0,141.0,179.0,5.5,842.0,801.0,3,13.4,0.6302816901408451,440.0,0.4068181818181818,1643.0,0.48752282410225195,0.512477175897748,0.6454545454545455,156.0,0.35454545454545455,1.3862943611198906
284.0,15.0,141.0,179.0,5.5,842.0,801.0,7,24.13,0.6302816901408451,440.0,0.4068181818181818,1643.0,0.48752282410225195,0.512477175897748,0.6454545454545455,156.0,0.35454545454545455,2.0794415416798357
284.0,15.0,141.0,179.0,5.5,842.0,801.0,56,44.52,0.6302816901408451,440.0,0.4068181818181818,1643.0,0.48752282410225195,0.512477175897748,0.6454545454545455,156.0,0.35454545454545455,4.04305126783455
359.0,19.0,141.0,154.0,10.9,942.0,801.0,28,62.94,0.42896935933147634,519.0,0.29672447013487474,1743.0,0.459552495697074,0.540447504302926,0.6917148362235067,160.0,0.30828516377649323,3.367295829986474
359.0,19.0,141.0,154.0,10.9,942.0,801.0,28,59.49,0.42896935933147634,519.0,0.29672447013487474,1743.0,0.459552495697074,0.540447504302926,0.6917148362235067,160.0,0.30828516377649323,3.367295829986474
359.0,19.0,141.0,154.0,10.9,942.0,801.0,3,25.12,0.42896935933147634,519.0,0.29672447013487474,1743.0,0.459552495697074,0.540447504302926,0.6917148362235067,160.0,0.30828516377649323,1.3862943611198906
359.0,19.0,141.0,154.0,10.9,942.0,801.0,3,23.64,0.42896935933147634,519.0,0.29672447013487474,1743.0,0.459552495697074,0.540447504302926,0.6917148362235067,160.0,0.30828516377649323,1.3862943611198906
359.0,19.0,141.0,154.0,10.9,942.0,801.0,7,35.75,0.42896935933147634,519.0,0.29672447013487474,1743.0,0.459552495697074,0.540447504302926,0.6917148362235067,160.0,0.30828516377649323,2.0794415416798357
359.0,19.0,141.0,154.0,10.9,942.0,801.0,7,38.61,0.42896935933147634,519.0,0.29672447013487474,1743.0,0.459552495697074,0.540447504302926,0.6917148362235067,160.0,0.30828516377649323,2.0794415416798357
359.0,19.0,141.0,154.0,10.9,942.0,801.0,56,68.75,0.42896935933147634,519.0,0.29672447013487474,1743.0,0.459552495697074,0.540447504302926,0.6917148362235067,160.0,0.30828516377649323,4.04305126783455
359.0,19.0,141.0,154.0,10.9,942.0,801.0,56,66.78,0.42896935933147634,519.0,0.29672447013487474,1743.0,0.459552495697074,0.540447504302926,0.6917148362235067,160.0,0.30828516377649323,4.04305126783455
436.0,0.0,0.0,218.0,0.0,838.4,719.7,28,23.85,0.5,436.0,0.5,1558.1,0.46190873499775376,0.5380912650022464,1.0,0.0,0.0,3.367295829986474
289.0,0.0,0.0,192.0,0.0,913.2,895.3,90,32.07,0.6643598615916955,289.0,0.6643598615916955,1808.5,0.4950511473596903,0.5049488526403096,1.0,0.0,0.0,4.51085950651685
289.0,0.0,0.0,192.0,0.0,913.2,895.3,3,11.65,0.6643598615916955,289.0,0.6643598615916955,1808.5,0.4950511473596903,0.5049488526403096,1.0,0.0,0.0,1.3862943611198906
393.0,0.0,0.0,192.0,0.0,940.6,785.6,3,19.2,0.48854961832061067,393.0,0.48854961832061067,1726.2,0.45510369597960837,0.5448963040203916,1.0,0.0,0.0,1.3862943611198906
393.0,0.0,0.0,192.0,0.0,940.6,785.6,90,48.85,0.48854961832061067,393.0,0.48854961832061067,1726.2,0.45510369597960837,0.5448963040203916,1.0,0.0,0.0,4.51085950651685
393.0,0.0,0.0,192.0,0.0,940.6,785.6,28,39.6,0.48854961832061067,393.0,0.48854961832061067,1726.2,0.45510369597960837,0.5448963040203916,1.0,0.0,0.0,3.367295829986474
480.0,0.0,0.0,192.0,0.0,936.2,712.2,28,43.94,0.4,480.0,0.4,1648.4,0.43205532637709293,0.567944673622907,1.0,0.0,0.0,3.367295829986474
480.0,0.0,0.0,192.0,0.0,936.2,712.2,7,34.57,0.4,480.0,0.4,1648.4,0.43205532637709293,0.567944673622907,1.0,0.0,0.0,2.0794415416798357
480.0,0.0,0.0,192.0,0.0,936.2,712.2,90,54.32,0.4,480.0,0.4,1648.4,0.43205532637709293,0.567944673622907,1.0,0.0,0.0,4.51085950651685
480.0,0.0,0.0,192.0,0.0,936.2,712.2,3,24.4,0.4,480.0,0.4,1648.4,0.43205532637709293,0.567944673622907,1.0,0.0,0.0,1.3862943611198906
333.0,0.0,0.0,192.0,0.0,931.2,842.6,3,15.62,0.5765765765765766,333.0,0.5765765765765766,1773.8000000000002,0.47502536926372757,0.5249746307362724,1.0,0.0,0.0,1.3862943611198906
255.0,0.0,0.0,192.0,0.0,889.8,945.0,90,21.86,0.7529411764705882,255.0,0.7529411764705882,1834.8,0.5150425114453892,0.48495748855461085,1.0,0.0,0.0,4.51085950651685
255.0,0.0,0.0,192.0,0.0,889.8,945.0,7,10.22,0.7529411764705882,255.0,0.7529411764705882,1834.8,0.5150425114453892,0.48495748855461085,1.0,0.0,0.0,2.0794415416798357
289.0,0.0,0.0,192.0,0.0,913.2,895.3,7,14.6,0.6643598615916955,289.0,0.6643598615916955,1808.5,0.4950511473596903,0.5049488526403096,1.0,0.0,0.0,2.0794415416798357
255.0,0.0,0.0,192.0,0.0,889.8,945.0,28,18.75,0.7529411764705882,255.0,0.7529411764705882,1834.8,0.5150425114453892,0.48495748855461085,1.0,0.0,0.0,3.367295829986474
333.0,0.0,0.0,192.0,0.0,931.2,842.6,28,31.97,0.5765765765765766,333.0,0.5765765765765766,1773.8000000000002,0.47502536926372757,0.5249746307362724,1.0,0.0,0.0,3.367295829986474
333.0,0.0,0.0,192.0,0.0,931.2,842.6,7,23.4,0.5765765765765766,333.0,0.5765765765765766,1773.8000000000002,0.47502536926372757,0.5249746307362724,1.0,0.0,0.0,2.0794415416798357
289.0,0.0,0.0,192.0,0.0,913.2,895.3,28,25.57,0.6643598615916955,289.0,0.6643598615916955,1808.5,0.4950511473596903,0.5049488526403096,1.0,0.0,0.0,3.367295829986474
333.0,0.0,0.0,192.0,0.0,931.2,842.6,90,41.68,0.5765765765765766,333.0,0.5765765765765766,1773.8000000000002,0.47502536926372757,0.5249746307362724,1.0,0.0,0.0,4.51085950651685
393.0,0.0,0.0,192.0,0.0,940.6,785.6,7,27.74,0.48854961832061067,393.0,0.48854961832061067,1726.2,0.45510369597960837,0.5448963040203916,1.0,0.0,0.0,2.0794415416798357
255.0,0.0,0.0,192.0,0.0,889.8,945.0,3,8.2,0.7529411764705882,255.0,0.7529411764705882,1834.8,0.5150425114453892,0.48495748855461085,1.0,0.0,0.0,1.3862943611198906
158.8,238.2,0.0,185.7,0.0,1040.6,734.3,7,9.62,1.1693954659949621,397.0,0.46775818639798483,1774.8999999999999,0.4137134486449941,0.586286551355006,0.4,238.2,0.6,2.0794415416798357
239.6,359.4,0.0,185.7,0.0,941.6,664.3,7,25.42,0.7750417362270451,599.0,0.31001669449081803,1605.9,0.413662120929074,0.5863378790709259,0.39999999999999997,359.4,0.6,2.0794415416798357
238.2,158.8,0.0,185.7,0.0,1040.6,734.3,7,15.69,0.7795969773299748,397.0,0.46775818639798483,1774.8999999999999,0.4137134486449941,0.586286551355006,0.6,158.8,0.4,2.0794415416798357
181.9,272.8,0.0,185.7,0.0,1012.4,714.3,28,27.94,1.0208905992303463,454.70000000000005,0.40840114361117213,1726.6999999999998,0.4136792726009151,0.586320727399085,0.40004398504508465,272.8,0.5999560149549152,3.367295829986474
193.5,290.2,0.0,185.7,0.0,998.2,704.3,28,32.63,0.9596899224806201,483.7,0.3839156501964027,1702.5,0.41368575624082227,0.5863142437591777,0.40004134794293983,290.2,0.5999586520570601,3.367295829986474
255.5,170.3,0.0,185.7,0.0,1026.6,724.3,7,17.24,0.7268101761252446,425.8,0.4361202442461249,1750.8999999999999,0.41367296818778915,0.5863270318122109,0.6000469704086425,170.3,0.3999530295913575,2.0794415416798357
272.8,181.9,0.0,185.7,0.0,1012.4,714.3,7,19.77,0.6807184750733137,454.70000000000005,0.40840114361117213,1726.6999999999998,0.4136792726009151,0.586320727399085,0.5999560149549152,181.9,0.40004398504508465,2.0794415416798357
239.6,359.4,0.0,185.7,0.0,941.6,664.3,28,39.44,0.7750417362270451,599.0,0.31001669449081803,1605.9,0.413662120929074,0.5863378790709259,0.39999999999999997,359.4,0.6,3.367295829986474
220.8,147.2,0.0,185.7,0.0,1055.0,744.3,28,25.75,0.8410326086956521,368.0,0.5046195652173913,1799.3,0.41366086811537817,0.5863391318846218,0.6,147.2,0.39999999999999997,3.367295829986474
397.0,0.0,0.0,185.7,0.0,1040.6,734.3,28,33.08,0.46775818639798483,397.0,0.46775818639798483,1774.8999999999999,0.4137134486449941,0.586286551355006,1.0,0.0,0.0,3.367295829986474
382.5,0.0,0.0,185.7,0.0,1047.8,739.3,7,24.07,0.48549019607843136,382.5,0.48549019607843136,1787.1,0.41368697890437023,0.5863130210956298,1.0,0.0,0.0,2.0794415416798357
210.7,316.1,0.0,185.7,0.0,977.0,689.3,7,21.82,0.8813478879924063,526.8,0.35250569476082005,1666.3,0.41367100762167675,0.5863289923783233,0.39996203492786636,316.1,0.6000379650721337,2.0794415416798357
158.8,238.2,0.0,185.7,0.0,1040.6,734.3,28,21.07,1.1693954659949621,397.0,0.46775818639798483,1774.8999999999999,0.4137134486449941,0.586286551355006,0.4,238.2,0.6,3.367295829986474
295.8,0.0,0.0,185.7,0.0,1091.4,769.3,7,14.84,0.627789046653144,295.8,0.627789046653144,1860.7,0.4134465523727629,0.586553447627237,1.0,0.0,0.0,2.0794415416798357
255.5,170.3,0.0,185.7,0.0,1026.6,724.3,28,32.05,0.7268101761252446,425.8,0.4361202442461249,1750.8999999999999,0.41367296818778915,0.5863270318122109,0.6000469704086425,170.3,0.3999530295913575,3.367295829986474
203.5,135.7,0.0,185.7,0.0,1076.2,759.3,7,11.96,0.9125307125307125,339.2,0.5474646226415094,1835.5,0.41367474802506127,0.5863252519749388,0.5999410377358491,135.7,0.40005896226415094,2.0794415416798357
397.0,0.0,0.0,185.7,0.0,1040.6,734.3,7,25.45,0.46775818639798483,397.0,0.46775818639798483,1774.8999999999999,0.4137134486449941,0.586286551355006,1.0,0.0,0.0,2.0794415416798357
381.4,0.0,0.0,185.7,0.0,1104.6,784.3,28,22.49,0.4868904037755637,381.4,0.4868904037755637,1888.8999999999999,0.41521520461644346,0.5847847953835565,1.0,0.0,0.0,3.367295829986474
295.8,0.0,0.0,185.7,0.0,1091.4,769.3,28,25.22,0.627789046653144,295.8,0.627789046653144,1860.7,0.4134465523727629,0.586553447627237,1.0,0.0,0.0,3.367295829986474
228.0,342.1,0.0,185.7,0.0,955.8,674.3,28,39.7,0.8144736842105262,570.1,0.3257323276618137,1630.1,0.41365560395067785,0.5863443960493221,0.3999298368707244,342.1,0.6000701631292756,3.367295829986474
220.8,147.2,0.0,185.7,0.0,1055.0,744.3,7,13.09,0.8410326086956521,368.0,0.5046195652173913,1799.3,0.41366086811537817,0.5863391318846218,0.6,147.2,0.39999999999999997,2.0794415416798357
316.1,210.7,0.0,185.7,0.0,977.0,689.3,28,38.7,0.5874723188864283,526.8,0.35250569476082005,1666.3,0.41367100762167675,0.5863289923783233,0.6000379650721337,210.7,0.39996203492786636,3.367295829986474
135.7,203.5,0.0,185.7,0.0,1076.2,759.3,7,7.51,1.3684598378776713,339.2,0.5474646226415094,1835.5,0.41367474802506127,0.5863252519749388,0.40005896226415094,203.5,0.5999410377358491,2.0794415416798357
238.1,0.0,0.0,185.7,0.0,1118.8,789.3,28,17.58,0.7799244015119697,238.1,0.7799244015119697,1908.1,0.4136575651171322,0.5863424348828677,1.0,0.0,0.0,3.367295829986474
339.2,0.0,0.0,185.7,0.0,1069.2,754.3,7,21.18,0.5474646226415094,339.2,0.5474646226415094,1823.5,0.4136550589525637,0.5863449410474363,1.0,0.0,0.0,2.0794415416798357
135.7,203.5,0.0,185.7,0.0,1076.2,759.3,28,18.2,1.3684598378776713,339.2,0.5474646226415094,1835.5,0.41367474802506127,0.5863252519749388,0.40005896226415094,203.5,0.5999410377358491,3.367295829986474
193.5,290.2,0.0,185.7,0.0,998.2,704.3,7,17.2,0.9596899224806201,483.7,0.3839156501964027,1702.5,0.41368575624082227,0.5863142437591777,0.40004134794293983,290.2,0.5999586520570601,2.0794415416798357
203.5,135.7,0.0,185.7,0.0,1076.2,759.3,28,22.63,0.9125307125307125,339.2,0.5474646226415094,1835.5,0.41367474802506127,0.5863252519749388,0.5999410377358491,135.7,0.40005896226415094,3.367295829986474
290.2,193.5,0.0,185.7,0.0,998.2,704.3,7,21.86,0.6399035148173673,483.7,0.3839156501964027,1702.5,0.41368575624082227,0.5863142437591777,0.5999586520570601,193.5,0.40004134794293983,2.0794415416798357
181.9,272.8,0.0,185.7,0.0,1012.4,714.3,7,12.37,1.0208905992303463,454.70000000000005,0.40840114361117213,1726.6999999999998,0.4136792726009151,0.586320727399085,0.40004398504508465,272.8,0.5999560149549152,2.0794415416798357
170.3,155.5,0.0,185.7,0.0,1026.6,724.3,28,25.73,1.0904286553141513,325.8,0.5699815837937384,1750.8999999999999,0.41367296818778915,0.5863270318122109,0.5227133210558625,155.5,0.4772866789441375,3.367295829986474
210.7,316.1,0.0,185.7,0.0,977.0,689.3,28,37.81,0.8813478879924063,526.8,0.35250569476082005,1666.3,0.41367100762167675,0.5863289923783233,0.39996203492786636,316.1,0.6000379650721337,3.367295829986474
228.0,342.1,0.0,185.7,0.0,955.8,674.3,7,21.92,0.8144736842105262,570.1,0.3257323276618137,1630.1,0.41365560395067785,0.5863443960493221,0.3999298368707244,342.1,0.6000701631292756,2.0794415416798357
290.2,193.5,0.0,185.7,0.0,998.2,704.3,28,33.04,0.6399035148173673,483.7,0.3839156501964027,1702.5,0.41368575624082227,0.5863142437591777,0.5999586520570601,193.5,0.40004134794293983,3.367295829986474
381.4,0.0,0.0,185.7,0.0,1104.6,784.3,7,14.54,0.4868904037755637,381.4,0.4868904037755637,1888.8999999999999,0.41521520461644346,0.5847847953835565,1.0,0.0,0.0,2.0794415416798357
238.2,158.8,0.0,185.7,0.0,1040.6,734.3,28,26.91,0.7795969773299748,397.0,0.46775818639798483,1774.8999999999999,0.4137134486449941,0.586286551355006,0.6,158.8,0.4,3.367295829986474
186.2,124.1,0.0,185.7,0.0,1083.4,764.3,7,8.0,0.9973147153598282,310.29999999999995,0.5984531098936513,1847.7,0.4136494019591925,0.5863505980408076,0.6000644537544313,124.1,0.3999355462455688,2.0794415416798357
339.2,0.0,0.0,185.7,0.0,1069.2,754.3,28,31.9,0.5474646226415094,339.2,0.5474646226415094,1823.5,0.4136550589525637,0.5863449410474363,1.0,0.0,0.0,3.367295829986474
238.1,0.0,0.0,185.7,0.0,1118.8,789.3,7,10.34,0.7799244015119697,238.1,0.7799244015119697,1908.1,0.4136575651171322,0.5863424348828677,1.0,0.0,0.0,2.0794415416798357
252.5,0.0,0.0,185.7,0.0,1111.6,784.3,28,19.77,0.7354455445544554,252.5,0.7354455445544554,1895.8999999999999,0.41368215623186877,0.5863178437681312,1.0,0.0,0.0,3.367295829986474
382.5,0.0,0.0,185.7,0.0,1047.8,739.3,28,37.44,0.48549019607843136,382.5,0.48549019607843136,1787.1,0.41368697890437023,0.5863130210956298,1.0,0.0,0.0,3.367295829986474
252.5,0.0,0.0,185.7,0.0,1111.6,784.3,7,11.48,0.7354455445544554,252.5,0.7354455445544554,1895.8999999999999,0.41368215623186877,0.5863178437681312,1.0,0.0,0.0,2.0794415416798357
316.1,210.7,0.0,185.7,0.0,977.0,689.3,7,24.44,0.5874723188864283,526.8,0.35250569476082005,1666.3,0.41367100762167675,0.5863289923783233,0.6000379650721337,210.7,0.39996203492786636,2.0794415416798357
186.2,124.1,0.0,185.7,0.0,1083.4,764.3,28,17.6,0.9973147153598282,310.29999999999995,0.5984531098936513,1847.7,0.4136494019591925,0.5863505980408076,0.6000644537544313,124.1,0.3999355462455688,3.367295829986474
170.3,155.5,0.0,185.7,0.0,1026.6,724.3,7,10.73,1.0904286553141513,325.8,0.5699815837937384,1750.8999999999999,0.41367296818778915,0.5863270318122109,0.5227133210558625,155.5,0.4772866789441375,2.0794415416798357
272.8,181.9,0.0,185.7,0.0,1012.4,714.3,28,31.38,0.6807184750733137,454.70000000000005,0.40840114361117213,1726.6999999999998,0.4136792726009151,0.586320727399085,0.5999560149549152,181.9,0.40004398504508465,3.367295829986474
339.0,0.0,0.0,197.0,0.0,968.0,781.0,3,13.22,0.5811209439528023,339.0,0.5811209439528023,1749.0,0.44654088050314467,0.5534591194968553,1.0,0.0,0.0,1.3862943611198906
339.0,0.0,0.0,197.0,0.0,968.0,781.0,7,20.97,0.5811209439528023,339.0,0.5811209439528023,1749.0,0.44654088050314467,0.5534591194968553,1.0,0.0,0.0,2.0794415416798357
339.0,0.0,0.0,197.0,0.0,968.0,781.0,14,27.04,0.5811209439528023,339.0,0.5811209439528023,1749.0,0.44654088050314467,0.5534591194968553,1.0,0.0,0.0,2.70805020110221
339.0,0.0,0.0,197.0,0.0,968.0,781.0,28,32.04,0.5811209439528023,339.0,0.5811209439528023,1749.0,0.44654088050314467,0.5534591194968553,1.0,0.0,0.0,3.367295829986474
339.0,0.0,0.0,197.0,0.0,968.0,781.0,90,35.17,0.5811209439528023,339.0,0.5811209439528023,1749.0,0.44654088050314467,0.5534591194968553,1.0,0.0,0.0,4.51085950651685
339.0,0.0,0.0,197.0,0.0,968.0,781.0,180,36.45,0.5811209439528023,339.0,0.5811209439528023,1749.0,0.44654088050314467,0.5534591194968553,1.0,0.0,0.0,5.198497031265826
339.0,0.0,0.0,197.0,0.0,968.0,781.0,365,38.89,0.5811209439528023,339.0,0.5811209439528023,1749.0,0.44654088050314467,0.5534591194968553,1.0,0.0,0.0,5.902633333401366
236.0,0.0,0.0,194.0,0.0,968.0,885.0,3,6.47,0.8220338983050848,236.0,0.8220338983050848,1853.0,0.47760388559093364,0.5223961144090664,1.0,0.0,0.0,1.3862943611198906
236.0,0.0,0.0,194.0,0.0,968.0,885.0,14,12.84,0.8220338983050848,236.0,0.8220338983050848,1853.0,0.47760388559093364,0.5223961144090664,1.0,0.0,0.0,2.70805020110221
236.0,0.0,0.0,194.0,0.0,968.0,885.0,28,18.42,0.8220338983050848,236.0,0.8220338983050848,1853.0,0.47760388559093364,0.5223961144090664,1.0,0.0,0.0,3.367295829986474
236.0,0.0,0.0,194.0,0.0,968.0,885.0,90,21.95,0.8220338983050848,236.0,0.8220338983050848,1853.0,0.47760388559093364,0.5223961144090664,1.0,0.0,0.0,4.51085950651685
236.0,0.0,0.0,193.0,0.0,968.0,885.0,180,24.1,0.8177966101694916,236.0,0.8177966101694916,1853.0,0.47760388559093364,0.5223961144090664,1.0,0.0,0.0,5.198497031265826
236.0,0.0,0.0,193.0,0.0,968.0,885.0,365,25.08,0.8177966101694916,236.0,0.8177966101694916,1853.0,0.47760388559093364,0.5223961144090664,1.0,0.0,0.0,5.902633333401366
277.0,0.0,0.0,191.0,0.0,968.0,856.0,14,21.26,0.6895306859205776,277.0,0.6895306859205776,1824.0,0.4692982456140351,0.5307017543859649,1.0,0.0,0.0,2.70805020110221
277.0,0.0,0.0,191.0,0.0,968.0,856.0,28,25.97,0.6895306859205776,277.0,0.6895306859205776,1824.0,0.4692982456140351,0.5307017543859649,1.0,0.0,0.0,3.367295829986474
277.0,0.0,0.0,191.0,0.0,968.0,856.0,3,11.36,0.6895306859205776,277.0,0.6895306859205776,1824.0,0.4692982456140351,0.5307017543859649,1.0,0.0,0.0,1.3862943611198906
277.0,0.0,0.0,191.0,0.0,968.0,856.0,90,31.25,0.6895306859205776,277.0,0.6895306859205776,1824.0,0.4692982456140351,0.5307017543859649,1.0,0.0,0.0,4.51085950651685
277.0,0.0,0.0,191.0,0.0,968.0,856.0,180,32.33,0.6895306859205776,277.0,0.6895306859205776,1824.0,0.4692982456140351,0.5307017543859649,1.0,0.0,0.0,5.198497031265826
277.0,0.0,0.0,191.0,0.0,968.0,856.0,360,33.7,0.6895306859205776,277.0,0.6895306859205776,1824.0,0.4692982456140351,0.5307017543859649,1.0,0.0,0.0,5.8888779583328805
254.0,0.0,0.0,198.0,0.0,968.0,863.0,3,9.31,0.7795275590551181,254.0,0.7795275590551181,1831.0,0.4713271436373566,0.5286728563626434,1.0,0.0,0.0,1.3862943611198906
254.0,0.0,0.0,198.0,0.0,968.0,863.0,90,26.94,0.7795275590551181,254.0,0.7795275590551181,1831.0,0.4713271436373566,0.5286728563626434,1.0,0.0,0.0,4.51085950651685
254.0,0.0,0.0,198.0,0.0,968.0,863.0,180,27.63,0.7795275590551181,254.0,0.7795275590551181,1831.0,0.4713271436373566,0.5286728563626434,1.0,0.0,0.0,5.198497031265826
254.0,0.0,0.0,198.0,0.0,968.0,863.0,365,29.79,0.7795275590551181,254.0,0.7795275590551181,1831.0,0.4713271436373566,0.5286728563626434,1.0,0.0,0.0,5.902633333401366
307.0,0.0,0.0,193.0,0.0,968.0,812.0,180,34.49,0.6286644951140065,307.0,0.6286644951140065,1780.0,0.45617977528089887,0.5438202247191011,1.0,0.0,0.0,5.198497031265826
307.0,0.0,0.0,193.0,0.0,968.0,812.0,365,36.15,0.6286644951140065,307.0,0.6286644951140065,1780.0,0.45617977528089887,0.5438202247191011,1.0,0.0,0.0,5.902633333401366
307.0,0.0,0.0,193.0,0.0,968.0,812.0,3,12.54,0.6286644951140065,307.0,0.6286644951140065,1780.0,0.45617977528089887,0.5438202247191011,1.0,0.0,0.0,1.3862943611198906
307.0,0.0,0.0,193.0,0.0,968.0,812.0,28,27.53,0.6286644951140065,307.0,0.6286644951140065,1780.0,0.45617977528089887,0.5438202247191011,1.0,0.0,0.0,3.367295829986474
307.0,0.0,0.0,193.0,0.0,968.0,812.0,90,32.92,0.6286644951140065,307.0,0.6286644951140065,1780.0,0.45617977528089887,0.5438202247191011,1.0,0.0,0.0,4.51085950651685
236.0,0.0,0.0,193.0,0.0,968.0,885.0,7,9.99,0.8177966101694916,236.0,0.8177966101694916,1853.0,0.47760388559093364,0.5223961144090664,1.0,0.0,0.0,2.0794415416798357
200.0,0.0,0.0,180.0,0.0,1125.0,845.0,7,7.84,0.9,200.0,0.9,1970.0,0.4289340101522843,0.5710659898477157,1.0,0.0,0.0,2.0794415416798357
200.0,0.0,0.0,180.0,0.0,1125.0,845.0,28,12.25,0.9,200.0,0.9,1970.0,0.4289340101522843,0.5710659898477157,1.0,0.0,0.0,3.367295829986474
225.0,0.0,0.0,181.0,0.0,1113.0,833.0,7,11.17,0.8044444444444444,225.0,0.8044444444444444,1946.0,0.42805755395683454,0.5719424460431655,1.0,0.0,0.0,2.0794415416798357
225.0,0.0,0.0,181.0,0.0,1113.0,833.0,28,17.34,0.8044444444444444,225.0,0.8044444444444444,1946.0,0.42805755395683454,0.5719424460431655,1.0,0.0,0.0,3.367295829986474
325.0,0.0,0.0,184.0,0.0,1063.0,783.0,7,17.54,0.5661538461538461,325.0,0.5661538461538461,1846.0,0.42416034669555797,0.5758396533044421,1.0,0.0,0.0,2.0794415416798357
325.0,0.0,0.0,184.0,0.0,1063.0,783.0,28,30.57,0.5661538461538461,325.0,0.5661538461538461,1846.0,0.42416034669555797,0.5758396533044421,1.0,0.0,0.0,3.367295829986474
275.0,0.0,0.0,183.0,0.0,1088.0,808.0,7,14.2,0.6654545454545454,275.0,0.6654545454545454,1896.0,0.42616033755274263,0.5738396624472574,1.0,0.0,0.0,2.0794415416798357
275.0,0.0,0.0,183.0,0.0,1088.0,808.0,28,24.5,0.6654545454545454,275.0,0.6654545454545454,1896.0,0.42616033755274263,0.5738396624472574,1.0,0.0,0.0,3.367295829986474
300.0,0.0,0.0,184.0,0.0,1075.0,795.0,7,15.58,0.6133333333333333,300.0,0.6133333333333333,1870.0,0.42513368983957217,0.5748663101604278,1.0,0.0,0.0,2.0794415416798357
300.0,0.0,0.0,184.0,0.0,1075.0,795.0,28,26.85,0.6133333333333333,300.0,0.6133333333333333,1870.0,0.42513368983957217,0.5748663101604278,1.0,0.0,0.0,3.367295829986474
375.0,0.0,0.0,186.0,0.0,1038.0,758.0,7,26.06,0.496,375.0,0.496,1796.0,0.4220489977728285,0.5779510022271714,1.0,0.0,0.0,2.0794415416798357
375.0,0.0,0.0,186.0,0.0,1038.0,758.0,28,38.21,0.496,375.0,0.496,1796.0,0.4220489977728285,0.5779510022271714,1.0,0.0,0.0,3.367295829986474
400.0,0.0,0.0,187.0,0.0,1025.0,745.0,28,43.7,0.4675,400.0,0.4675,1770.0,0.4209039548022599,0.5790960451977402,1.0,0.0,0.0,3.367295829986474
400.0,0.0,0.0,187.0,0.0,1025.0,745.0,7,30.14,0.4675,400.0,0.4675,1770.0,0.4209039548022599,0.5790960451977402,1.0,0.0,0.0,2.0794415416798357
250.0,0.0,0.0,182.0,0.0,1100.0,820.0,7,12.73,0.728,250.0,0.728,1920.0,0.4270833333333333,0.5729166666666666,1.0,0.0,0.0,2.0794415416798357
250.0,0.0,0.0,182.0,0.0,1100.0,820.0,28,20.87,0.728,250.0,0.728,1920.0,0.4270833333333333,0.5729166666666666,1.0,0.0,0.0,3.367295829986474
350.0,0.0,0.0,186.0,0.0,1050.0,770.0,7,20.28,0.5314285714285715,350.0,0.5314285714285715,1820.0,0.4230769230769231,0.5769230769230769,1.0,0.0,0.0,2.0794415416798357
350.0,0.0,0.0,186.0,0.0,1050.0,770.0,28,34.29,0.5314285714285715,350.0,0.5314285714285715,1820.0,0.4230769230769231,0.5769230769230769,1.0,0.0,0.0,3.367295829986474
203.5,305.3,0.0,203.5,0.0,963.4,630.0,7,19.54,1.0,508.8,0.3999606918238994,1593.4,0.39538094640391613,0.6046190535960838,0.3999606918238994,305.3,0.6000393081761006,2.0794415416798357
250.2,166.8,0.0,203.5,0.0,977.6,694.1,90,47.71,0.8133493205435652,417.0,0.4880095923261391,1671.7,0.41520607764551054,0.5847939223544895,0.6,166.8,0.4,4.51085950651685
157.0,236.0,0.0,192.0,0.0,935.4,781.2,90,43.38,1.2229299363057324,393.0,0.48854961832061067,1716.6,0.45508563439356875,0.5449143656064314,0.3994910941475827,236.0,0.6005089058524173,4.51085950651685
141.3,212.0,0.0,203.5,0.0,971.8,748.5,28,29.89,1.4401981599433828,353.3,0.5759977356354373,1720.3,0.4350985293262803,0.5649014706737197,0.39994339088593267,212.0,0.6000566091140673,3.367295829986474
166.8,250.2,0.0,203.5,0.0,975.6,692.6,3,6.9,1.2200239808153477,417.0,0.4880095923261391,1668.2,0.41517803620668986,0.5848219637933102,0.4,250.2,0.6,1.3862943611198906
122.6,183.9,0.0,203.5,0.0,958.2,800.1,90,33.19,1.6598694942903753,306.5,0.6639477977161501,1758.3000000000002,0.45504180174031733,0.5449581982596826,0.39999999999999997,183.9,0.6,4.51085950651685
183.9,122.6,0.0,203.5,0.0,959.2,800.0,3,4.9,1.10657966286025,306.5,0.6639477977161501,1759.2,0.4547521600727603,0.5452478399272397,0.6,122.6,0.39999999999999997,1.3862943611198906
102.0,153.0,0.0,192.0,0.0,887.0,942.0,3,4.57,1.8823529411764706,255.0,0.7529411764705882,1829.0,0.5150355385456533,0.48496446145434663,0.4,153.0,0.6,1.3862943611198906
102.0,153.0,0.0,192.0,0.0,887.0,942.0,90,25.46,1.8823529411764706,255.0,0.7529411764705882,1829.0,0.5150355385456533,0.48496446145434663,0.4,153.0,0.6,4.51085950651685
122.6,183.9,0.0,203.5,0.0,958.2,800.1,28,24.29,1.6598694942903753,306.5,0.6639477977161501,1758.3000000000002,0.45504180174031733,0.5449581982596826,0.39999999999999997,183.9,0.6,3.367295829986474
166.8,250.2,0.0,203.5,0.0,975.6,692.6,28,33.95,1.2200239808153477,417.0,0.4880095923261391,1668.2,0.41517803620668986,0.5848219637933102,0.4,250.2,0.6,3.367295829986474
200.0,133.0,0.0,192.0,0.0,965.4,806.2,3,11.41,0.96,333.0,0.5765765765765766,1771.6,0.45506886430345456,0.5449311356965455,0.6006006006006006,133.0,0.3993993993993994,1.3862943611198906
108.3,162.4,0.0,203.5,0.0,938.2,849.0,28,20.59,1.8790397045244691,270.7,0.7517547100110824,1787.2,0.47504476275738583,0.5249552372426142,0.40007388252678244,162.4,0.5999261174732177,3.367295829986474
305.3,203.5,0.0,203.5,0.0,965.4,631.0,7,25.89,0.6665574844415328,508.8,0.3999606918238994,1596.4,0.3952643447757454,0.6047356552242545,0.6000393081761006,203.5,0.3999606918238994,2.0794415416798357
108.3,162.4,0.0,203.5,0.0,938.2,849.0,90,29.23,1.8790397045244691,270.7,0.7517547100110824,1787.2,0.47504476275738583,0.5249552372426142,0.40007388252678244,162.4,0.5999261174732177,4.51085950651685
116.0,173.0,0.0,192.0,0.0,909.8,891.9,90,31.02,1.6551724137931034,289.0,0.6643598615916955,1801.6999999999998,0.49503246933451744,0.5049675306654826,0.4013840830449827,173.0,0.5986159169550173,4.51085950651685
141.3,212.0,0.0,203.5,0.0,971.8,748.5,7,10.39,1.4401981599433828,353.3,0.5759977356354373,1720.3,0.4350985293262803,0.5649014706737197,0.39994339088593267,212.0,0.6000566091140673,2.0794415416798357
157.0,236.0,0.0,192.0,0.0,935.4,781.2,28,33.66,1.2229299363057324,393.0,0.48854961832061067,1716.6,0.45508563439356875,0.5449143656064314,0.3994910941475827,236.0,0.6005089058524173,3.367295829986474
133.0,200.0,0.0,192.0,0.0,927.4,839.2,28,27.87,1.443609022556391,333.0,0.5765765765765766,1766.6,0.47503679384127706,0.5249632061587229,0.3993993993993994,200.0,0.6006006006006006,3.367295829986474
250.2,166.8,0.0,203.5,0.0,977.6,694.1,7,19.35,0.8133493205435652,417.0,0.4880095923261391,1671.7,0.41520607764551054,0.5847939223544895,0.6,166.8,0.4,2.0794415416798357
173.0,116.0,0.0,192.0,0.0,946.8,856.8,7,11.39,1.1098265895953756,289.0,0.6643598615916955,1803.6,0.4750499001996008,0.5249500998003992,0.5986159169550173,116.0,0.4013840830449827,2.0794415416798357
192.0,288.0,0.0,192.0,0.0,929.8,716.1,3,12.79,1.0,480.0,0.4,1645.9,0.4350811106385564,0.5649188893614435,0.4,288.0,0.6,1.3862943611198906
192.0,288.0,0.0,192.0,0.0,929.8,716.1,28,39.32,1.0,480.0,0.4,1645.9,0.4350811106385564,0.5649188893614435,0.4,288.0,0.6,3.367295829986474
153.0,102.0,0.0,192.0,0.0,888.0,943.1,3,4.78,1.2549019607843137,255.0,0.7529411764705882,1831.1,0.5150456010048605,0.48495439899513954,0.6,102.0,0.4,1.3862943611198906
288.0,192.0,0.0,192.0,0.0,932.0,717.8,3,16.11,0.6666666666666666,480.0,0.4,1649.8,0.4350830403685295,0.5649169596314705,0.6,192.0,0.4,1.3862943611198906
305.3,203.5,0.0,203.5,0.0,965.4,631.0,28,43.38,0.6665574844415328,508.8,0.3999606918238994,1596.4,0.3952643447757454,0.6047356552242545,0.6000393081761006,203.5,0.3999606918238994,3.367295829986474
236.0,157.0,0.0,192.0,0.0,972.6,749.1,7,20.42,0.8135593220338984,393.0,0.48854961832061067,1721.7,0.4350932218156473,0.5649067781843526,0.6005089058524173,157.0,0.3994910941475827,2.0794415416798357
173.0,116.0,0.0,192.0,0.0,946.8,856.8,3,6.94,1.1098265895953756,289.0,0.6643598615916955,1803.6,0.4750499001996008,0.5249500998003992,0.5986159169550173,116.0,0.4013840830449827,1.3862943611198906
212.0,141.3,0.0,203.5,0.0,973.4,750.0,7,15.03,0.9599056603773585,353.3,0.5759977356354373,1723.4,0.43518625971915975,0.5648137402808402,0.6000566091140673,141.3,0.39994339088593267,2.0794415416798357
236.0,157.0,0.0,192.0,0.0,972.6,749.1,3,13.57,0.8135593220338984,393.0,0.48854961832061067,1721.7,0.4350932218156473,0.5649067781843526,0.6005089058524173,157.0,0.3994910941475827,1.3862943611198906
183.9,122.6,0.0,203.5,0.0,959.2,800.0,90,32.53,1.10657966286025,306.5,0.6639477977161501,1759.2,0.4547521600727603,0.5452478399272397,0.6,122.6,0.39999999999999997,4.51085950651685
166.8,250.2,0.0,203.5,0.0,975.6,692.6,7,15.75,1.2200239808153477,417.0,0.4880095923261391,1668.2,0.41517803620668986,0.5848219637933102,0.4,250.2,0.6,2.0794415416798357
102.0,153.0,0.0,192.0,0.0,887.0,942.0,7,7.68,1.8823529411764706,255.0,0.7529411764705882,1829.0,0.5150355385456533,0.48496446145434663,0.4,153.0,0.6,2.0794415416798357
288.0,192.0,0.0,192.0,0.0,932.0,717.8,28,38.8,0.6666666666666666,480.0,0.4,1649.8,0.4350830403685295,0.5649169596314705,0.6,192.0,0.4,3.367295829986474
212.0,141.3,0.0,203.5,0.0,973.4,750.0,28,33.0,0.9599056603773585,353.3,0.5759977356354373,1723.4,0.43518625971915975,0.5648137402808402,0.6000566091140673,141.3,0.39994339088593267,3.367295829986474
102.0,153.0,0.0,192.0,0.0,887.0,942.0,28,17.28,1.8823529411764706,255.0,0.7529411764705882,1829.0,0.5150355385456533,0.48496446145434663,0.4,153.0,0.6,3.367295829986474
173.0,116.0,0.0,192.0,0.0,946.8,856.8,28,24.28,1.1098265895953756,289.0,0.6643598615916955,1803.6,0.4750499001996008,0.5249500998003992,0.5986159169550173,116.0,0.4013840830449827,3.367295829986474
183.9,122.6,0.0,203.5,0.0,959.2,800.0,28,24.05,1.10657966286025,306.5,0.6639477977161501,1759.2,0.4547521600727603,0.5452478399272397,0.6,122.6,0.39999999999999997,3.367295829986474
133.0,200.0,0.0,192.0,0.0,927.4,839.2,90,36.59,1.443609022556391,333.0,0.5765765765765766,1766.6,0.47503679384127706,0.5249632061587229,0.3993993993993994,200.0,0.6006006006006006,4.51085950651685
192.0,288.0,0.0,192.0,0.0,929.8,716.1,90,50.73,1.0,480.0,0.4,1645.9,0.4350811106385564,0.5649188893614435,0.4,288.0,0.6,4.51085950651685
133.0,200.0,0.0,192.0,0.0,927.4,839.2,7,13.66,1.443609022556391,333.0,0.5765765765765766,1766.6,0.47503679384127706,0.5249632061587229,0.3993993993993994,200.0,0.6006006006006006,2.0794415416798357
305.3,203.5,0.0,203.5,0.0,965.4,631.0,3,14.14,0.6665574844415328,508.8,0.3999606918238994,1596.4,0.3952643447757454,0.6047356552242545,0.6000393081761006,203.5,0.3999606918238994,1.3862943611198906
236.0,157.0,0.0,192.0,0.0,972.6,749.1,90,47.78,0.8135593220338984,393.0,0.48854961832061067,1721.7,0.4350932218156473,0.5649067781843526,0.6005089058524173,157.0,0.3994910941475827,4.51085950651685
108.3,162.4,0.0,203.5,0.0,938.2,849.0,3,2.33,1.8790397045244691,270.7,0.7517547100110824,1787.2,0.47504476275738583,0.5249552372426142,0.40007388252678244,162.4,0.5999261174732177,1.3862943611198906
157.0,236.0,0.0,192.0,0.0,935.4,781.2,7,16.89,1.2229299363057324,393.0,0.48854961832061067,1716.6,0.45508563439356875,0.5449143656064314,0.3994910941475827,236.0,0.6005089058524173,2.0794415416798357
288.0,192.0,0.0,192.0,0.0,932.0,717.8,7,23.52,0.6666666666666666,480.0,0.4,1649.8,0.4350830403685295,0.5649169596314705,0.6,192.0,0.4,2.0794415416798357
212.0,141.3,0.0,203.5,0.0,973.4,750.0,3,6.81,0.9599056603773585,353.3,0.5759977356354373,1723.4,0.43518625971915975,0.5648137402808402,0.6000566091140673,141.3,0.39994339088593267,1.3862943611198906
212.0,141.3,0.0,203.5,0.0,973.4,750.0,90,39.7,0.9599056603773585,353.3,0.5759977356354373,1723.4,0.43518625971915975,0.5648137402808402,0.6000566091140673,141.3,0.39994339088593267,4.51085950651685
153.0,102.0,0.0,192.0,0.0,888.0,943.1,28,17.96,1.2549019607843137,255.0,0.7529411764705882,1831.1,0.5150456010048605,0.48495439899513954,0.6,102.0,0.4,3.367295829986474
236.0,157.0,0.0,192.0,0.0,972.6,749.1,28,32.88,0.8135593220338984,393.0,0.48854961832061067,1721.7,0.4350932218156473,0.5649067781843526,0.6005089058524173,157.0,0.3994910941475827,3.367295829986474
116.0,173.0,0.0,192.0,0.0,909.8,891.9,28,22.35,1.6551724137931034,289.0,0.6643598615916955,1801.6999999999998,0.49503246933451744,0.5049675306654826,0.4013840830449827,173.0,0.5986159169550173,3.367295829986474
183.9,122.6,0.0,203.5,0.0,959.2,800.0,7,10.79,1.10657966286025,306.5,0.6639477977161501,1759.2,0.4547521600727603,0.5452478399272397,0.6,122.6,0.39999999999999997,2.0794415416798357
108.3,162.4,0.0,203.5,0.0,938.2,849.0,7,7.72,1.8790397045244691,270.7,0.7517547100110824,1787.2,0.47504476275738583,0.5249552372426142,0.40007388252678244,162.4,0.5999261174732177,2.0794415416798357
203.5,305.3,0.0,203.5,0.0,963.4,630.0,28,41.68,1.0,508.8,0.3999606918238994,1593.4,0.39538094640391613,0.6046190535960838,0.3999606918238994,305.3,0.6000393081761006,3.367295829986474
203.5,305.3,0.0,203.5,0.0,963.4,630.0,3,9.56,1.0,508.8,0.3999606918238994,1593.4,0.39538094640391613,0.6046190535960838,0.3999606918238994,305.3,0.6000393081761006,1.3862943611198906
133.0,200.0,0.0,192.0,0.0,927.4,839.2,3,6.88,1.443609022556391,333.0,0.5765765765765766,1766.6,0.47503679384127706,0.5249632061587229,0.3993993993993994,200.0,0.6006006006006006,1.3862943611198906
288.0,192.0,0.0,192.0,0.0,932.0,717.8,90,50.53,0.6666666666666666,480.0,0.4,1649.8,0.4350830403685295,0.5649169596314705,0.6,192.0,0.4,4.51085950651685
200.0,133.0,0.0,192.0,0.0,965.4,806.2,7,17.17,0.96,333.0,0.5765765765765766,1771.6,0.45506886430345456,0.5449311356965455,0.6006006006006006,133.0,0.3993993993993994,2.0794415416798357
200.0,133.0,0.0,192.0,0.0,965.4,806.2,28,30.44,0.96,333.0,0.5765765765765766,1771.6,0.45506886430345456,0.5449311356965455,0.6006006006006006,133.0,0.3993993993993994,3.367295829986474
250.2,166.8,0.0,203.5,0.0,977.6,694.1,3,9.73,0.8133493205435652,417.0,0.4880095923261391,1671.7,0.41520607764551054,0.5847939223544895,0.6,166.8,0.4,1.3862943611198906
122.6,183.9,0.0,203.5,0.0,958.2,800.1,3,3.32,1.6598694942903753,306.5,0.6639477977161501,1758.3000000000002,0.45504180174031733,0.5449581982596826,0.39999999999999997,183.9,0.6,1.3862943611198906
153.0,102.0,0.0,192.0,0.0,888.0,943.1,90,26.32,1.2549019607843137,255.0,0.7529411764705882,1831.1,0.5150456010048605,0.48495439899513954,0.6,102.0,0.4,4.51085950651685
200.0,133.0,0.0,192.0,0.0,965.4,806.2,90,43.25,0.96,333.0,0.5765765765765766,1771.6,0.45506886430345456,0.5449311356965455,0.6006006006006006,133.0,0.3993993993993994,4.51085950651685
116.0,173.0,0.0,192.0,0.0,909.8,891.9,3,6.28,1.6551724137931034,289.0,0.6643598615916955,1801.6999999999998,0.49503246933451744,0.5049675306654826,0.4013840830449827,173.0,0.5986159169550173,1.3862943611198906
173.0,116.0,0.0,192.0,0.0,946.8,856.8,90,32.1,1.1098265895953756,289.0,0.6643598615916955,1803.6,0.4750499001996008,0.5249500998003992,0.5986159169550173,116.0,0.4013840830449827,4.51085950651685
250.2,166.8,0.0,203.5,0.0,977.6,694.1,28,36.96,0.8133493205435652,417.0,0.4880095923261391,1671.7,0.41520607764551054,0.5847939223544895,0.6,166.8,0.4,3.367295829986474
305.3,203.5,0.0,203.5,0.0,965.4,631.0,90,54.6,0.6665574844415328,508.8,0.3999606918238994,1596.4,0.3952643447757454,0.6047356552242545,0.6000393081761006,203.5,0.3999606918238994,4.51085950651685
192.0,288.0,0.0,192.0,0.0,929.8,716.1,7,21.48,1.0,480.0,0.4,1645.9,0.4350811106385564,0.5649188893614435,0.4,288.0,0.6,2.0794415416798357
157.0,236.0,0.0,192.0,0.0,935.4,781.2,3,9.69,1.2229299363057324,393.0,0.48854961832061067,1716.6,0.45508563439356875,0.5449143656064314,0.3994910941475827,236.0,0.6005089058524173,1.3862943611198906
153.0,102.0,0.0,192.0,0.0,888.0,943.1,7,8.37,1.2549019607843137,255.0,0.7529411764705882,1831.1,0.5150456010048605,0.48495439899513954,0.6,102.0,0.4,2.0794415416798357
141.3,212.0,0.0,203.5,0.0,971.8,748.5,90,39.66,1.4401981599433828,353.3,0.5759977356354373,1720.3,0.4350985293262803,0.5649014706737197,0.39994339088593267,212.0,0.6000566091140673,4.51085950651685
116.0,173.0,0.0,192.0,0.0,909.8,891.9,7,10.09,1.6551724137931034,289.0,0.6643598615916955,1801.6999999999998,0.49503246933451744,0.5049675306654826,0.4013840830449827,173.0,0.5986159169550173,2.0794415416798357
141.3,212.0,0.0,203.5,0.0,971.8,748.5,3,4.83,1.4401981599433828,353.3,0.5759977356354373,1720.3,0.4350985293262803,0.5649014706737197,0.39994339088593267,212.0,0.6000566091140673,1.3862943611198906
122.6,183.9,0.0,203.5,0.0,958.2,800.1,7,10.35,1.6598694942903753,306.5,0.6639477977161501,1758.3000000000002,0.45504180174031733,0.5449581982596826,0.39999999999999997,183.9,0.6,2.0794415416798357
166.8,250.2,0.0,203.5,0.0,975.6,692.6,90,43.57,1.2200239808153477,417.0,0.4880095923261391,1668.2,0.41517803620668986,0.5848219637933102,0.4,250.2,0.6,4.51085950651685
203.5,305.3,0.0,203.5,0.0,963.4,630.0,90,51.86,1.0,508.8,0.3999606918238994,1593.4,0.39538094640391613,0.6046190535960838,0.3999606918238994,305.3,0.6000393081761006,4.51085950651685
310.0,0.0,0.0,192.0,0.0,1012.0,830.0,3,11.85,0.6193548387096774,310.0,0.6193548387096774,1842.0,0.4505971769815418,0.5494028230184582,1.0,0.0,0.0,1.3862943611198906
310.0,0.0,0.0,192.0,0.0,1012.0,830.0,7,17.24,0.6193548387096774,310.0,0.6193548387096774,1842.0,0.4505971769815418,0.5494028230184582,1.0,0.0,0.0,2.0794415416798357
310.0,0.0,0.0,192.0,0.0,1012.0,830.0,28,27.83,0.6193548387096774,310.0,0.6193548387096774,1842.0,0.4505971769815418,0.5494028230184582,1.0,0.0,0.0,3.367295829986474
310.0,0.0,0.0,192.0,0.0,1012.0,830.0,90,35.76,0.6193548387096774,310.0,0.6193548387096774,1842.0,0.4505971769815418,0.5494028230184582,1.0,0.0,0.0,4.51085950651685
310.0,0.0,0.0,192.0,0.0,1012.0,830.0,120,38.7,0.6193548387096774,310.0,0.6193548387096774,1842.0,0.4505971769815418,0.5494028230184582,1.0,0.0,0.0,4.795790545596741
331.0,0.0,0.0,192.0,0.0,1025.0,821.0,3,14.31,0.5800604229607251,331.0,0.5800604229607251,1846.0,0.44474539544962083,0.5552546045503792,1.0,0.0,0.0,1.3862943611198906
331.0,0.0,0.0,192.0,0.0,1025.0,821.0,7,17.44,0.5800604229607251,331.0,0.5800604229607251,1846.0,0.44474539544962083,0.5552546045503792,1.0,0.0,0.0,2.0794415416798357
331.0,0.0,0.0,192.0,0.0,1025.0,821.0,28,31.74,0.5800604229607251,331.0,0.5800604229607251,1846.0,0.44474539544962083,0.5552546045503792,1.0,0.0,0.0,3.367295829986474
331.0,0.0,0.0,192.0,0.0,1025.0,821.0,90,37.91,0.5800604229607251,331.0,0.5800604229607251,1846.0,0.44474539544962083,0.5552546045503792,1.0,0.0,0.0,4.51085950651685
331.0,0.0,0.0,192.0,0.0,1025.0,821.0,120,39.38,0.5800604229607251,331.0,0.5800604229607251,1846.0,0.44474539544962083,0.5552546045503792,1.0,0.0,0.0,4.795790545596741
349.0,0.0,0.0,192.0,0.0,1056.0,809.0,3,15.87,0.5501432664756447,349.0,0.5501432664756447,1865.0,0.4337801608579088,0.5662198391420912,1.0,0.0,0.0,1.3862943611198906
349.0,0.0,0.0,192.0,0.0,1056.0,809.0,7,9.01,0.5501432664756447,349.0,0.5501432664756447,1865.0,0.4337801608579088,0.5662198391420912,1.0,0.0,0.0,2.0794415416798357
349.0,0.0,0.0,192.0,0.0,1056.0,809.0,28,33.61,0.5501432664756447,349.0,0.5501432664756447,1865.0,0.4337801608579088,0.5662198391420912,1.0,0.0,0.0,3.367295829986474
349.0,0.0,0.0,192.0,0.0,1056.0,809.0,90,40.66,0.5501432664756447,349.0,0.5501432664756447,1865.0,0.4337801608579088,0.5662198391420912,1.0,0.0,0.0,4.51085950651685
349.0,0.0,0.0,192.0,0.0,1056.0,809.0,120,40.86,0.5501432664756447,349.0,0.5501432664756447,1865.0,0.4337801608579088,0.5662198391420912,1.0,0.0,0.0,4.795790545596741
238.0,0.0,0.0,186.0,0.0,1119.0,789.0,7,12.05,0.7815126050420168,238.0,0.7815126050420168,1908.0,0.41352201257861637,0.5864779874213837,1.0,0.0,0.0,2.0794415416798357
238.0,0.0,0.0,186.0,0.0,1119.0,789.0,28,17.54,0.7815126050420168,238.0,0.7815126050420168,1908.0,0.41352201257861637,0.5864779874213837,1.0,0.0,0.0,3.367295829986474
296.0,0.0,0.0,186.0,0.0,1090.0,769.0,7,18.91,0.6283783783783784,296.0,0.6283783783783784,1859.0,0.41366325981710594,0.5863367401828941,1.0,0.0,0.0,2.0794415416798357
296.0,0.0,0.0,186.0,0.0,1090.0,769.0,28,25.18,0.6283783783783784,296.0,0.6283783783783784,1859.0,0.41366325981710594,0.5863367401828941,1.0,0.0,0.0,3.367295829986474
297.0,0.0,0.0,186.0,0.0,1040.0,734.0,7,30.96,0.6262626262626263,297.0,0.6262626262626263,1774.0,0.4137542277339346,0.5862457722660653,1.0,0.0,0.0,2.0794415416798357
480.0,0.0,0.0,192.0,0.0,936.0,721.0,28,43.89,0.4,480.0,0.4,1657.0,0.4351237175618588,0.5648762824381413,1.0,0.0,0.0,3.367295829986474
480.0,0.0,0.0,192.0,0.0,936.0,721.0,90,54.28,0.4,480.0,0.4,1657.0,0.4351237175618588,0.5648762824381413,1.0,0.0,0.0,4.51085950651685
397.0,0.0,0.0,186.0,0.0,1040.0,734.0,28,36.94,0.46851385390428213,397.0,0.46851385390428213,1774.0,0.4137542277339346,0.5862457722660653,1.0,0.0,0.0,3.367295829986474
281.0,0.0,0.0,186.0,0.0,1104.0,774.0,7,14.5,0.6619217081850534,281.0,0.6619217081850534,1878.0,0.41214057507987223,0.5878594249201278,1.0,0.0,0.0,2.0794415416798357
281.0,0.0,0.0,185.0,0.0,1104.0,774.0,28,22.44,0.6583629893238434,281.0,0.6583629893238434,1878.0,0.41214057507987223,0.5878594249201278,1.0,0.0,0.0,3.367295829986474
500.0,0.0,0.0,200.0,0.0,1125.0,613.0,1,12.64,0.4,500.0,0.4,1738.0,0.35270425776754893,0.6472957422324511,1.0,0.0,0.0,0.6931471805599453
500.0,0.0,0.0,200.0,0.0,1125.0,613.0,3,26.06,0.4,500.0,0.4,1738.0,0.35270425776754893,0.6472957422324511,1.0,0.0,0.0,1.3862943611198906
500.0,0.0,0.0,200.0,0.0,1125.0,613.0,7,33.21,0.4,500.0,0.4,1738.0,0.35270425776754893,0.6472957422324511,1.0,0.0,0.0,2.0794415416798357
500.0,0.0,0.0,200.0,0.0,1125.0,613.0,14,36.94,0.4,500.0,0.4,1738.0,0.35270425776754893,0.6472957422324511,1.0,0.0,0.0,2.70805020110221
500.0,0.0,0.0,200.0,0.0,1125.0,613.0,28,44.09,0.4,500.0,0.4,1738.0,0.35270425776754893,0.6472957422324511,1.0,0.0,0.0,3.367295829986474
540.0,0.0,0.0,173.0,0.0,1125.0,613.0,7,52.61,0.32037037037037036,540.0,0.32037037037037036,1738.0,0.35270425776754893,0.6472957422324511,1.0,0.0,0.0,2.0794415416798357
540.0,0.0,0.0,173.0,0.0,1125.0,613.0,14,59.76,0.32037037037037036,540.0,0.32037037037037036,1738.0,0.35270425776754893,0.6472957422324511,1.0,0.0,0.0,2.70805020110221
540.0,0.0,0.0,173.0,0.0,1125.0,613.0,28,67.31,0.32037037037037036,540.0,0.32037037037037036,1738.0,0.35270425776754893,0.6472957422324511,1.0,0.0,0.0,3.367295829986474
540.0,0.0,0.0,173.0,0.0,1125.0,613.0,90,69.66,0.32037037037037036,540.0,0.32037037037037036,1738.0,0.35270425776754893,0.6472957422324511,1.0,0.0,0.0,4.51085950651685
540.0,0.0,0.0,173.0,0.0,1125.0,613.0,180,71.62,0.32037037037037036,540.0,0.32037037037037036,1738.0,0.35270425776754893,0.6472957422324511,1.0,0.0,0.0,5.198497031265826
540.0,0.0,0.0,173.0,0.0,1125.0,613.0,270,74.17,0.32037037037037036,540.0,0.32037037037037036,1738.0,0.35270425776754893,0.6472957422324511,1.0,0.0,0.0,5.602118820879701
350.0,0.0,0.0,203.0,0.0,974.0,775.0,7,18.13,0.58,350.0,0.58,1749.0,0.44311034877072614,0.5568896512292739,1.0,0.0,0.0,2.0794415416798357
350.0,0.0,0.0,203.0,0.0,974.0,775.0,14,22.53,0.58,350.0,0.58,1749.0,0.44311034877072614,0.5568896512292739,1.0,0.0,0.0,2.70805020110221
350.0,0.0,0.0,203.0,0.0,974.0,775.0,28,27.34,0.58,350.0,0.58,1749.0,0.44311034877072614,0.5568896512292739,1.0,0.0,0.0,3.367295829986474
350.0,0.0,0.0,203.0,0.0,974.0,775.0,56,29.98,0.58,350.0,0.58,1749.0,0.44311034877072614,0.5568896512292739,1.0,0.0,0.0,4.04305126783455
350.0,0.0,0.0,203.0,0.0,974.0,775.0,90,31.35,0.58,350.0,0.58,1749.0,0.44311034877072614,0.5568896512292739,1.0,0.0,0.0,4.51085950651685
350.0,0.0,0.0,203.0,0.0,974.0,775.0,180,32.72,0.58,350.0,0.58,1749.0,0.44311034877072614,0.5568896512292739,1.0,0.0,0.0,5.198497031265826
385.0,0.0,0.0,186.0,0.0,966.0,763.0,1,6.27,0.4831168831168831,385.0,0.4831168831168831,1729.0,0.44129554655870445,0.5587044534412956,1.0,0.0,0.0,0.6931471805599453
385.0,0.0,0.0,186.0,0.0,966.0,763.0,3,14.7,0.4831168831168831,385.0,0.4831168831168831,1729.0,0.44129554655870445,0.5587044534412956,1.0,0.0,0.0,1.3862943611198906
385.0,0.0,0.0,186.0,0.0,966.0,763.0,7,23.22,0.4831168831168831,385.0,0.4831168831168831,1729.0,0.44129554655870445,0.5587044534412956,1.0,0.0,0.0,2.0794415416798357
385.0,0.0,0.0,186.0,0.0,966.0,763.0,14,27.92,0.4831168831168831,385.0,0.4831168831168831,1729.0,0.44129554655870445,0.5587044534412956,1.0,0.0,0.0,2.70805020110221
385.0,0.0,0.0,186.0,0.0,966.0,763.0,28,31.35,0.4831168831168831,385.0,0.4831168831168831,1729.0,0.44129554655870445,0.5587044534412956,1.0,0.0,0.0,3.367295829986474
331.0,0.0,0.0,192.0,0.0,978.0,825.0,180,39.0,0.5800604229607251,331.0,0.5800604229607251,1803.0,0.45757071547420963,0.5424292845257903,1.0,0.0,0.0,5.198497031265826
331.0,0.0,0.0,192.0,0.0,978.0,825.0,360,41.24,0.5800604229607251,331.0,0.5800604229607251,1803.0,0.45757071547420963,0.5424292845257903,1.0,0.0,0.0,5.8888779583328805
349.0,0.0,0.0,192.0,0.0,1047.0,806.0,3,14.99,0.5501432664756447,349.0,0.5501432664756447,1853.0,0.4349703184025904,0.5650296815974096,1.0,0.0,0.0,1.3862943611198906
331.0,0.0,0.0,192.0,0.0,978.0,825.0,3,13.52,0.5800604229607251,331.0,0.5800604229607251,1803.0,0.45757071547420963,0.5424292845257903,1.0,0.0,0.0,1.3862943611198906
382.0,0.0,0.0,186.0,0.0,1047.0,739.0,7,24.0,0.4869109947643979,382.0,0.4869109947643979,1786.0,0.4137737961926092,0.5862262038073908,1.0,0.0,0.0,2.0794415416798357
382.0,0.0,0.0,186.0,0.0,1047.0,739.0,28,37.42,0.4869109947643979,382.0,0.4869109947643979,1786.0,0.4137737961926092,0.5862262038073908,1.0,0.0,0.0,3.367295829986474
382.0,0.0,0.0,186.0,0.0,1111.0,784.0,7,11.47,0.4869109947643979,382.0,0.4869109947643979,1895.0,0.4137203166226913,0.5862796833773087,1.0,0.0,0.0,2.0794415416798357
281.0,0.0,0.0,186.0,0.0,1104.0,774.0,28,22.44,0.6619217081850534,281.0,0.6619217081850534,1878.0,0.41214057507987223,0.5878594249201278,1.0,0.0,0.0,3.367295829986474
339.0,0.0,0.0,185.0,0.0,1069.0,754.0,7,21.16,0.5457227138643068,339.0,0.5457227138643068,1823.0,0.4136039495337356,0.5863960504662644,1.0,0.0,0.0,2.0794415416798357
339.0,0.0,0.0,185.0,0.0,1069.0,754.0,28,31.84,0.5457227138643068,339.0,0.5457227138643068,1823.0,0.4136039495337356,0.5863960504662644,1.0,0.0,0.0,3.367295829986474
295.0,0.0,0.0,185.0,0.0,1069.0,769.0,7,14.8,0.6271186440677966,295.0,0.6271186440677966,1838.0,0.41838955386289445,0.5816104461371056,1.0,0.0,0.0,2.0794415416798357
295.0,0.0,0.0,185.0,0.0,1069.0,769.0,28,25.18,0.6271186440677966,295.0,0.6271186440677966,1838.0,0.41838955386289445,0.5816104461371056,1.0,0.0,0.0,3.367295829986474
238.0,0.0,0.0,185.0,0.0,1118.0,789.0,28,17.54,0.7773109243697479,238.0,0.7773109243697479,1907.0,0.4137388568432092,0.5862611431567908,1.0,0.0,0.0,3.367295829986474
296.0,0.0,0.0,192.0,0.0,1085.0,765.0,7,14.2,0.6486486486486487,296.0,0.6486486486486487,1850.0,0.4135135135135135,0.5864864864864865,1.0,0.0,0.0,2.0794415416798357
296.0,0.0,0.0,192.0,0.0,1085.0,765.0,28,21.65,0.6486486486486487,296.0,0.6486486486486487,1850.0,0.4135135135135135,0.5864864864864865,1.0,0.0,0.0,3.367295829986474
296.0,0.0,0.0,192.0,0.0,1085.0,765.0,90,29.39,0.6486486486486487,296.0,0.6486486486486487,1850.0,0.4135135135135135,0.5864864864864865,1.0,0.0,0.0,4.51085950651685
331.0,0.0,0.0,192.0,0.0,879.0,825.0,3,13.52,0.5800604229607251,331.0,0.5800604229607251,1704.0,0.4841549295774648,0.5158450704225352,1.0,0.0,0.0,1.3862943611198906
331.0,0.0,0.0,192.0,0.0,978.0,825.0,7,16.26,0.5800604229607251,331.0,0.5800604229607251,1803.0,0.45757071547420963,0.5424292845257903,1.0,0.0,0.0,2.0794415416798357
331.0,0.0,0.0,192.0,0.0,978.0,825.0,28,31.45,0.5800604229607251,331.0,0.5800604229607251,1803.0,0.45757071547420963,0.5424292845257903,1.0,0.0,0.0,3.367295829986474
331.0,0.0,0.0,192.0,0.0,978.0,825.0,90,37.23,0.5800604229607251,331.0,0.5800604229607251,1803.0,0.45757071547420963,0.5424292845257903,1.0,0.0,0.0,4.51085950651685
349.0,0.0,0.0,192.0,0.0,1047.0,806.0,7,18.13,0.5501432664756447,349.0,0.5501432664756447,1853.0,0.4349703184025904,0.5650296815974096,1.0,0.0,0.0,2.0794415416798357
349.0,0.0,0.0,192.0,0.0,1047.0,806.0,28,32.72,0.5501432664756447,349.0,0.5501432664756447,1853.0,0.4349703184025904,0.5650296815974096,1.0,0.0,0.0,3.367295829986474
349.0,0.0,0.0,192.0,0.0,1047.0,806.0,90,39.49,0.5501432664756447,349.0,0.5501432664756447,1853.0,0.4349703184025904,0.5650296815974096,1.0,0.0,0.0,4.51085950651685
349.0,0.0,0.0,192.0,0.0,1047.0,806.0,180,41.05,0.5501432664756447,349.0,0.5501432664756447,1853.0,0.4349703184025904,0.5650296815974096,1.0,0.0,0.0,5.198497031265826
349.0,0.0,0.0,192.0,0.0,1047.0,806.0,360,42.13,0.5501432664756447,349.0,0.5501432664756447,1853.0,0.4349703184025904,0.5650296815974096,1.0,0.0,0.0,5.8888779583328805
302.0,0.0,0.0,203.0,0.0,974.0,817.0,14,18.13,0.6721854304635762,302.0,0.6721854304635762,1791.0,0.45616973757677276,0.5438302624232273,1.0,0.0,0.0,2.70805020110221
302.0,0.0,0.0,203.0,0.0,974.0,817.0,180,26.74,0.6721854304635762,302.0,0.6721854304635762,1791.0,0.45616973757677276,0.5438302624232273,1.0,0.0,0.0,5.198497031265826
525.0,0.0,0.0,189.0,0.0,1125.0,613.0,180,61.92,0.36,525.0,0.36,1738.0,0.35270425776754893,0.6472957422324511,1.0,0.0,0.0,5.198497031265826
500.0,0.0,0.0,200.0,0.0,1125.0,613.0,90,47.22,0.4,500.0,0.4,1738.0,0.35270425776754893,0.6472957422324511,1.0,0.0,0.0,4.51085950651685
500.0,0.0,0.0,200.0,0.0,1125.0,613.0,180,51.04,0.4,500.0,0.4,1738.0,0.35270425776754893,0.6472957422324511,1.0,0.0,0.0,5.198497031265826
500.0,0.0,0.0,200.0,0.0,1125.0,613.0,270,55.16,0.4,500.0,0.4,1738.0,0.35270425776754893,0.6472957422324511,1.0,0.0,0.0,5.602118820879701
540.0,0.0,0.0,173.0,0.0,1125.0,613.0,3,41.64,0.32037037037037036,540.0,0.32037037037037036,1738.0,0.35270425776754893,0.6472957422324511,1.0,0.0,0.0,1.3862943611198906
252.0,0.0,0.0,185.0,0.0,1111.0,784.0,7,13.71,0.7341269841269841,252.0,0.7341269841269841,1895.0,0.4137203166226913,0.5862796833773087,1.0,0.0,0.0,2.0794415416798357
252.0,0.0,0.0,185.0,0.0,1111.0,784.0,28,19.69,0.7341269841269841,252.0,0.7341269841269841,1895.0,0.4137203166226913,0.5862796833773087,1.0,0.0,0.0,3.367295829986474
339.0,0.0,0.0,185.0,0.0,1060.0,754.0,28,31.65,0.5457227138643068,339.0,0.5457227138643068,1814.0,0.41565600882028664,0.5843439911797134,1.0,0.0,0.0,3.367295829986474
393.0,0.0,0.0,192.0,0.0,940.0,758.0,3,19.11,0.48854961832061067,393.0,0.48854961832061067,1698.0,0.4464075382803298,0.5535924617196702,1.0,0.0,0.0,1.3862943611198906
393.0,0.0,0.0,192.0,0.0,940.0,758.0,28,39.58,0.48854961832061067,393.0,0.48854961832061067,1698.0,0.4464075382803298,0.5535924617196702,1.0,0.0,0.0,3.367295829986474
393.0,0.0,0.0,192.0,0.0,940.0,758.0,90,48.79,0.48854961832061067,393.0,0.48854961832061067,1698.0,0.4464075382803298,0.5535924617196702,1.0,0.0,0.0,4.51085950651685
382.0,0.0,0.0,185.0,0.0,1047.0,739.0,7,24.0,0.48429319371727747,382.0,0.48429319371727747,1786.0,0.4137737961926092,0.5862262038073908,1.0,0.0,0.0,2.0794415416798357
382.0,0.0,0.0,185.0,0.0,1047.0,739.0,28,37.42,0.48429319371727747,382.0,0.48429319371727747,1786.0,0.4137737961926092,0.5862262038073908,1.0,0.0,0.0,3.367295829986474
252.0,0.0,0.0,186.0,0.0,1111.0,784.0,7,11.47,0.7380952380952381,252.0,0.7380952380952381,1895.0,0.4137203166226913,0.5862796833773087,1.0,0.0,0.0,2.0794415416798357
310.0,0.0,0.0,192.0,0.0,970.0,850.0,7,14.99,0.6193548387096774,310.0,0.6193548387096774,1820.0,0.46703296703296704,0.532967032967033,1.0,0.0,0.0,2.0794415416798357
310.0,0.0,0.0,192.0,0.0,970.0,850.0,28,27.92,0.6193548387096774,310.0,0.6193548387096774,1820.0,0.46703296703296704,0.532967032967033,1.0,0.0,0.0,3.367295829986474
310.0,0.0,0.0,192.0,0.0,970.0,850.0,90,34.68,0.6193548387096774,310.0,0.6193548387096774,1820.0,0.46703296703296704,0.532967032967033,1.0,0.0,0.0,4.51085950651685
310.0,0.0,0.0,192.0,0.0,970.0,850.0,180,37.33,0.6193548387096774,310.0,0.6193548387096774,1820.0,0.46703296703296704,0.532967032967033,1.0,0.0,0.0,5.198497031265826
310.0,0.0,0.0,192.0,0.0,970.0,850.0,360,38.11,0.6193548387096774,310.0,0.6193548387096774,1820.0,0.46703296703296704,0.532967032967033,1.0,0.0,0.0,5.8888779583328805
525.0,0.0,0.0,189.0,0.0,1125.0,613.0,3,33.8,0.36,525.0,0.36,1738.0,0.35270425776754893,0.6472957422324511,1.0,0.0,0.0,1.3862943611198906
525.0,0.0,0.0,189.0,0.0,1125.0,613.0,7,42.42,0.36,525.0,0.36,1738.0,0.35270425776754893,0.6472957422324511,1.0,0.0,0.0,2.0794415416798357
525.0,0.0,0.0,189.0,0.0,1125.0,613.0,14,48.4,0.36,525.0,0.36,1738.0,0.35270425776754893,0.6472957422324511,1.0,0.0,0.0,2.70805020110221
525.0,0.0,0.0,189.0,0.0,1125.0,613.0,28,55.94,0.36,525.0,0.36,1738.0,0.35270425776754893,0.6472957422324511,1.0,0.0,0.0,3.367295829986474
525.0,0.0,0.0,189.0,0.0,1125.0,613.0,90,58.78,0.36,525.0,0.36,1738.0,0.35270425776754893,0.6472957422324511,1.0,0.0,0.0,4.51085950651685
525.0,0.0,0.0,189.0,0.0,1125.0,613.0,270,67.11,0.36,525.0,0.36,1738.0,0.35270425776754893,0.6472957422324511,1.0,0.0,0.0,5.602118820879701
322.0,0.0,0.0,203.0,0.0,974.0,800.0,14,20.77,0.6304347826086957,322.0,0.6304347826086957,1774.0,0.4509582863585118,0.5490417136414881,1.0,0.0,0.0,2.70805020110221
322.0,0.0,0.0,203.0,0.0,974.0,800.0,28,25.18,0.6304347826086957,322.0,0.6304347826086957,1774.0,0.4509582863585118,0.5490417136414881,1.0,0.0,0.0,3.367295829986474
322.0,0.0,0.0,203.0,0.0,974.0,800.0,180,29.59,0.6304347826086957,322.0,0.6304347826086957,1774.0,0.4509582863585118,0.5490417136414881,1.0,0.0,0.0,5.198497031265826
302.0,0.0,0.0,203.0,0.0,974.0,817.0,28,21.75,0.6721854304635762,302.0,0.6721854304635762,1791.0,0.45616973757677276,0.5438302624232273,1.0,0.0,0.0,3.367295829986474
397.0,0.0,0.0,185.0,0.0,1040.0,734.0,28,39.09,0.4659949622166247,397.0,0.4659949622166247,1774.0,0.4137542277339346,0.5862457722660653,1.0,0.0,0.0,3.367295829986474
480.0,0.0,0.0,192.0,0.0,936.0,721.0,3,24.39,0.4,480.0,0.4,1657.0,0.4351237175618588,0.5648762824381413,1.0,0.0,0.0,1.3862943611198906
522.0,0.0,0.0,146.0,0.0,896.0,896.0,7,50.51,0.2796934865900383,522.0,0.2796934865900383,1792.0,0.5,0.5,1.0,0.0,0.0,2.0794415416798357
522.0,0.0,0.0,146.0,0.0,896.0,896.0,28,74.99,0.2796934865900383,522.0,0.2796934865900383,1792.0,0.5,0.5,1.0,0.0,0.0,3.367295829986474
273.0,105.0,82.0,210.0,9.0,904.0,680.0,28,37.17,0.7692307692307693,460.0,0.45652173913043476,1584.0,0.4292929292929293,0.5707070707070707,0.5934782608695652,187.0,0.40652173913043477,3.367295829986474
162.0,190.0,148.0,179.0,19.0,838.0,741.0,28,33.76,1.1049382716049383,500.0,0.358,1579.0,0.46928435718809375,0.5307156428119063,0.324,338.0,0.676,3.367295829986474
154.0,144.0,112.0,220.0,10.0,923.0,658.0,28,16.5,1.4285714285714286,410.0,0.5365853658536586,1581.0,0.4161922833649589,0.5838077166350412,0.375609756097561,256.0,0.624390243902439,3.367295829986474
147.0,115.0,89.0,202.0,9.0,860.0,829.0,28,19.99,1.3741496598639455,351.0,0.5754985754985755,1689.0,0.49082297217288334,0.5091770278271166,0.4188034188034188,204.0,0.5811965811965812,3.367295829986474
152.0,178.0,139.0,168.0,18.0,944.0,695.0,28,36.35,1.105263157894737,469.0,0.3582089552238806,1639.0,0.424039048200122,0.5759609517998779,0.32409381663113007,317.0,0.67590618336887,3.367295829986474
310.0,143.0,111.0,168.0,22.0,914.0,651.0,28,33.69,0.5419354838709678,564.0,0.2978723404255319,1565.0,0.4159744408945687,0.5840255591054313,0.549645390070922,254.0,0.450354609929078,3.367295829986474
144.0,0.0,175.0,158.0,18.0,943.0,844.0,28,15.42,1.0972222222222223,319.0,0.4952978056426332,1787.0,0.47229994404029096,0.527700055959709,0.45141065830721006,175.0,0.54858934169279,3.367295829986474
304.0,140.0,0.0,214.0,6.0,895.0,722.0,28,33.42,0.7039473684210527,444.0,0.481981981981982,1617.0,0.44650587507730366,0.5534941249226963,0.6846846846846847,140.0,0.3153153153153153,3.367295829986474
374.0,0.0,0.0,190.0,7.0,1013.0,730.0,28,39.05,0.5080213903743316,374.0,0.5080213903743316,1743.0,0.41881812966150317,0.5811818703384969,1.0,0.0,0.0,3.367295829986474
159.0,149.0,116.0,175.0,15.0,953.0,720.0,28,27.68,1.10062893081761,424.0,0.41273584905660377,1673.0,0.4303646144650329,0.5696353855349672,0.375,265.0,0.625,3.367295829986474
153.0,239.0,0.0,200.0,6.0,1002.0,684.0,28,26.86,1.3071895424836601,392.0,0.5102040816326531,1686.0,0.40569395017793597,0.594306049822064,0.3903061224489796,239.0,0.6096938775510204,3.367295829986474
310.0,143.0,0.0,168.0,10.0,914.0,804.0,28,45.3,0.5419354838709678,453.0,0.3708609271523179,1718.0,0.4679860302677532,0.5320139697322468,0.6843267108167771,143.0,0.31567328918322296,3.367295829986474
305.0,0.0,100.0,196.0,10.0,959.0,705.0,28,30.12,0.6426229508196721,405.0,0.4839506172839506,1664.0,0.42367788461538464,0.5763221153846154,0.7530864197530864,100.0,0.24691358024691357,3.367295829986474
151.0,0.0,184.0,167.0,12.0,991.0,772.0,28,15.57,1.1059602649006623,335.0,0.49850746268656715,1763.0,0.4378899602949518,0.5621100397050482,0.4507462686567164,184.0,0.5492537313432836,3.367295829986474
142.0,167.0,130.0,174.0,11.0,883.0,785.0,28,44.61,1.2253521126760563,439.0,0.39635535307517084,1668.0,0.4706235011990408,0.5293764988009593,0.3234624145785877,297.0,0.6765375854214123,3.367295829986474
298.0,137.0,107.0,201.0,6.0,878.0,655.0,28,53.52,0.674496644295302,542.0,0.37084870848708484,1533.0,0.4272667971298108,0.5727332028701891,0.5498154981549815,244.0,0.45018450184501846,3.367295829986474
321.0,164.0,0.0,190.0,5.0,870.0,774.0,28,57.21,0.5919003115264797,485.0,0.3917525773195876,1644.0,0.4708029197080292,0.5291970802919708,0.6618556701030928,164.0,0.33814432989690724,3.367295829986474
366.0,187.0,0.0,191.0,7.0,824.0,757.0,28,65.91,0.5218579234972678,553.0,0.3453887884267631,1581.0,0.47881087919038584,0.5211891208096142,0.6618444846292948,187.0,0.33815551537070526,3.367295829986474
280.0,129.0,100.0,172.0,9.0,825.0,805.0,28,52.82,0.6142857142857143,509.0,0.3379174852652259,1630.0,0.4938650306748466,0.5061349693251533,0.550098231827112,229.0,0.449901768172888,3.367295829986474
252.0,97.0,76.0,194.0,8.0,835.0,821.0,28,33.4,0.7698412698412699,425.0,0.45647058823529413,1656.0,0.49577294685990336,0.5042270531400966,0.5929411764705882,173.0,0.40705882352941175,3.367295829986474
165.0,0.0,150.0,182.0,12.0,1023.0,729.0,28,18.03,1.103030303030303,315.0,0.5777777777777777,1752.0,0.4160958904109589,0.583904109589041,0.5238095238095238,150.0,0.47619047619047616,3.367295829986474
156.0,243.0,0.0,180.0,11.0,1022.0,698.0,28,37.36,1.1538461538461537,399.0,0.45112781954887216,1720.0,0.40581395348837207,0.5941860465116279,0.39097744360902253,243.0,0.6090225563909775,3.367295829986474
160.0,188.0,146.0,203.0,11.0,829.0,710.0,28,32.84,1.26875,494.0,0.4109311740890688,1539.0,0.4613385315139701,0.5386614684860299,0.32388663967611336,334.0,0.6761133603238867,3.367295829986474
298.0,0.0,107.0,186.0,6.0,879.0,815.0,28,42.64,0.6241610738255033,405.0,0.45925925925925926,1694.0,0.48110979929161746,0.5188902007083825,0.7358024691358025,107.0,0.2641975308641975,3.367295829986474
318.0,0.0,126.0,210.0,6.0,861.0,737.0,28,40.06,0.660377358490566,444.0,0.47297297297297297,1598.0,0.4612015018773467,0.5387984981226533,0.7162162162162162,126.0,0.28378378378378377,3.367295829986474
287.0,121.0,94.0,188.0,9.0,904.0,696.0,28,41.94,0.6550522648083623,502.0,0.3745019920318725,1600.0,0.435,0.565,0.5717131474103586,215.0,0.42828685258964144,3.367295829986474
326.0,166.0,0.0,174.0,9.0,882.0,790.0,28,61.23,0.5337423312883436,492.0,0.35365853658536583,1672.0,0.47248803827751196,0.527511961722488,0.6626016260162602,166.0,0.33739837398373984,3.367295829986474
356.0,0.0,142.0,193.0,11.0,801.0,778.0,28,40.87,0.5421348314606742,498.0,0.38755020080321284,1579.0,0.4927169094363521,0.5072830905636478,0.714859437751004,142.0,0.285140562248996,3.367295829986474
132.0,207.0,161.0,179.0,5.0,867.0,736.0,28,33.3,1.356060606060606,500.0,0.358,1603.0,0.4591391141609482,0.5408608858390518,0.264,368.0,0.736,3.367295829986474
322.0,149.0,0.0,186.0,8.0,951.0,709.0,28,52.42,0.577639751552795,471.0,0.39490445859872614,1660.0,0.4271084337349398,0.5728915662650602,0.6836518046709129,149.0,0.31634819532908703,3.367295829986474
164.0,0.0,200.0,181.0,13.0,849.0,846.0,28,15.09,1.103658536585366,364.0,0.49725274725274726,1695.0,0.49911504424778763,0.5008849557522124,0.45054945054945056,200.0,0.5494505494505495,3.367295829986474
314.0,0.0,113.0,170.0,10.0,925.0,783.0,28,38.46,0.5414012738853503,427.0,0.3981264637002342,1708.0,0.45843091334894615,0.5415690866510539,0.7353629976580797,113.0,0.2646370023419204,3.367295829986474
321.0,0.0,128.0,182.0,11.0,870.0,780.0,28,37.26,0.5669781931464174,449.0,0.4053452115812918,1650.0,0.4727272727272727,0.5272727272727272,0.7149220489977728,128.0,0.28507795100222716,3.367295829986474
140.0,164.0,128.0,237.0,6.0,869.0,656.0,28,35.23,1.6928571428571428,432.0,0.5486111111111112,1525.0,0.4301639344262295,0.5698360655737705,0.32407407407407407,292.0,0.6759259259259259,3.367295829986474
288.0,121.0,0.0,177.0,7.0,908.0,829.0,28,42.13,0.6145833333333334,409.0,0.43276283618581907,1737.0,0.47725964306275187,0.5227403569372481,0.7041564792176039,121.0,0.29584352078239606,3.367295829986474
298.0,0.0,107.0,210.0,11.0,880.0,744.0,28,31.87,0.7046979865771812,405.0,0.5185185185185185,1624.0,0.458128078817734,0.541871921182266,0.7358024691358025,107.0,0.2641975308641975,3.367295829986474
265.0,111.0,86.0,195.0,6.0,833.0,790.0,28,41.54,0.7358490566037735,462.0,0.42207792207792205,1623.0,0.4867529266789895,0.5132470733210105,0.5735930735930735,197.0,0.4264069264069264,3.367295829986474
160.0,250.0,0.0,168.0,12.0,1049.0,688.0,28,39.45,1.05,410.0,0.4097560975609756,1737.0,0.3960852043753598,0.6039147956246402,0.3902439024390244,250.0,0.6097560975609756,3.367295829986474
166.0,260.0,0.0,183.0,13.0,859.0,827.0,28,37.91,1.1024096385542168,426.0,0.4295774647887324,1686.0,0.4905100830367734,0.5094899169632265,0.38967136150234744,260.0,0.6103286384976526,3.367295829986474
276.0,116.0,90.0,180.0,9.0,870.0,768.0,28,44.28,0.6521739130434783,482.0,0.37344398340248963,1638.0,0.46886446886446886,0.5311355311355311,0.5726141078838174,206.0,0.42738589211618255,3.367295829986474
322.0,0.0,116.0,196.0,10.0,818.0,813.0,28,31.18,0.6086956521739131,438.0,0.4474885844748858,1631.0,0.4984671980380135,0.5015328019619865,0.7351598173515982,116.0,0.2648401826484018,3.367295829986474
149.0,139.0,109.0,193.0,6.0,892.0,780.0,28,23.69,1.2953020134228188,397.0,0.48614609571788414,1672.0,0.4665071770334928,0.5334928229665071,0.37531486146095716,248.0,0.6246851385390428,3.367295829986474
159.0,187.0,0.0,176.0,11.0,990.0,789.0,28,32.76,1.1069182389937107,346.0,0.5086705202312138,1779.0,0.44350758853288363,0.5564924114671164,0.4595375722543353,187.0,0.5404624277456648,3.367295829986474
261.0,100.0,78.0,201.0,9.0,864.0,761.0,28,32.4,0.7701149425287356,439.0,0.45785876993166286,1625.0,0.4683076923076923,0.5316923076923077,0.5945330296127562,178.0,0.4054669703872437,3.367295829986474
237.0,92.0,71.0,247.0,6.0,853.0,695.0,28,28.63,1.0421940928270041,400.0,0.6175,1548.0,0.44896640826873385,0.5510335917312662,0.5925,163.0,0.4075,3.367295829986474
313.0,0.0,113.0,178.0,8.0,1002.0,689.0,28,36.8,0.5686900958466453,426.0,0.41784037558685444,1691.0,0.407451212300414,0.5925487876995861,0.7347417840375586,113.0,0.2652582159624413,3.367295829986474
155.0,183.0,0.0,193.0,9.0,1047.0,697.0,28,18.28,1.2451612903225806,338.0,0.5710059171597633,1744.0,0.39965596330275227,0.6003440366972477,0.45857988165680474,183.0,0.5414201183431953,3.367295829986474
146.0,230.0,0.0,202.0,3.0,827.0,872.0,28,33.06,1.3835616438356164,376.0,0.5372340425531915,1699.0,0.5132430841671571,0.48675691583284286,0.3882978723404255,230.0,0.6117021276595744,3.367295829986474
296.0,0.0,107.0,221.0,11.0,819.0,778.0,28,31.42,0.7466216216216216,403.0,0.5483870967741935,1597.0,0.48716343143393864,0.5128365685660614,0.7344913151364765,107.0,0.2655086848635236,3.367295829986474
133.0,210.0,0.0,196.0,3.0,949.0,795.0,28,31.03,1.4736842105263157,343.0,0.5714285714285714,1744.0,0.455848623853211,0.544151376146789,0.3877551020408163,210.0,0.6122448979591837,3.367295829986474
313.0,145.0,0.0,178.0,8.0,867.0,824.0,28,44.39,0.5686900958466453,458.0,0.388646288209607,1691.0,0.4872856298048492,0.5127143701951508,0.6834061135371179,145.0,0.3165938864628821,3.367295829986474
152.0,0.0,112.0,184.0,8.0,992.0,816.0,28,12.18,1.2105263157894737,264.0,0.696969696969697,1808.0,0.45132743362831856,0.5486725663716814,0.5757575757575758,112.0,0.42424242424242425,3.367295829986474
153.0,145.0,113.0,178.0,8.0,1002.0,689.0,28,25.56,1.1633986928104576,411.0,0.43309002433090027,1691.0,0.407451212300414,0.5925487876995861,0.3722627737226277,258.0,0.6277372262773723,3.367295829986474
140.0,133.0,103.0,200.0,7.0,916.0,753.0,28,36.44,1.4285714285714286,376.0,0.5319148936170213,1669.0,0.451168364289994,0.548831635710006,0.3723404255319149,236.0,0.6276595744680851,3.367295829986474
149.0,236.0,0.0,176.0,13.0,847.0,893.0,28,32.96,1.1812080536912752,385.0,0.45714285714285713,1740.0,0.5132183908045977,0.4867816091954023,0.38701298701298703,236.0,0.612987012987013,3.367295829986474
300.0,0.0,120.0,212.0,10.0,878.0,728.0,28,23.84,0.7066666666666667,420.0,0.5047619047619047,1606.0,0.4533001245330012,0.5466998754669987,0.7142857142857143,120.0,0.2857142857142857,3.367295829986474
153.0,145.0,113.0,178.0,8.0,867.0,824.0,28,26.23,1.1633986928104576,411.0,0.43309002433090027,1691.0,0.4872856298048492,0.5127143701951508,0.3722627737226277,258.0,0.6277372262773723,3.367295829986474
148.0,0.0,137.0,158.0,16.0,1002.0,830.0,28,17.95,1.0675675675675675,285.0,0.5543859649122806,1832.0,0.45305676855895194,0.5469432314410481,0.519298245614035,137.0,0.4807017543859649,3.367295829986474
326.0,0.0,138.0,199.0,11.0,801.0,792.0,28,40.68,0.6104294478527608,464.0,0.42887931034482757,1593.0,0.4971751412429379,0.5028248587570622,0.7025862068965517,138.0,0.2974137931034483,3.367295829986474
153.0,145.0,0.0,178.0,8.0,1000.0,822.0,28,19.01,1.1633986928104576,298.0,0.5973154362416108,1822.0,0.45115257958287597,0.5488474204171241,0.5134228187919463,145.0,0.4865771812080537,3.367295829986474
262.0,111.0,86.0,195.0,5.0,895.0,733.0,28,33.72,0.7442748091603053,459.0,0.42483660130718953,1628.0,0.45024570024570026,0.5497542997542998,0.5708061002178649,197.0,0.42919389978213507,3.367295829986474
158.0,0.0,195.0,220.0,11.0,898.0,713.0,28,8.54,1.3924050632911393,353.0,0.623229461756374,1611.0,0.44258224705152077,0.5574177529484792,0.4475920679886686,195.0,0.5524079320113314,3.367295829986474
151.0,0.0,185.0,167.0,16.0,1074.0,678.0,28,13.46,1.1059602649006623,336.0,0.49702380952380953,1752.0,0.386986301369863,0.613013698630137,0.4494047619047619,185.0,0.5505952380952381,3.367295829986474
273.0,0.0,90.0,199.0,11.0,931.0,762.0,28,32.24,0.7289377289377289,363.0,0.5482093663911846,1693.0,0.4500886001181335,0.5499113998818665,0.7520661157024794,90.0,0.24793388429752067,3.367295829986474
149.0,118.0,92.0,183.0,7.0,953.0,780.0,28,23.52,1.2281879194630871,359.0,0.5097493036211699,1733.0,0.4500865551067513,0.5499134448932487,0.415041782729805,210.0,0.584958217270195,3.367295829986474
143.0,169.0,143.0,191.0,8.0,967.0,643.0,28,29.72,1.3356643356643356,455.0,0.4197802197802198,1610.0,0.39937888198757765,0.6006211180124224,0.3142857142857143,312.0,0.6857142857142857,3.367295829986474
260.0,101.0,78.0,171.0,10.0,936.0,763.0,28,49.77,0.6576923076923077,439.0,0.3895216400911162,1699.0,0.4490876986462625,0.5509123013537375,0.592255125284738,179.0,0.40774487471526194,3.367295829986474
313.0,161.0,0.0,178.0,10.0,917.0,759.0,28,52.44,0.5686900958466453,474.0,0.3755274261603376,1676.0,0.4528639618138425,0.5471360381861575,0.6603375527426161,161.0,0.339662447257384,3.367295829986474
284.0,120.0,0.0,168.0,7.0,970.0,794.0,28,40.93,0.5915492957746479,404.0,0.4158415841584158,1764.0,0.4501133786848073,0.5498866213151927,0.7029702970297029,120.0,0.297029702970297,3.367295829986474
336.0,0.0,0.0,182.0,3.0,986.0,817.0,28,44.86,0.5416666666666666,336.0,0.5416666666666666,1803.0,0.4531336661120355,0.5468663338879645,1.0,0.0,0.0,3.367295829986474
145.0,0.0,134.0,181.0,11.0,979.0,812.0,28,13.2,1.2482758620689656,279.0,0.6487455197132617,1791.0,0.4533780011166946,0.5466219988833054,0.5197132616487455,134.0,0.48028673835125446,3.367295829986474
150.0,237.0,0.0,174.0,12.0,1069.0,675.0,28,37.43,1.16,387.0,0.4496124031007752,1744.0,0.38704128440366975,0.6129587155963303,0.3875968992248062,237.0,0.6124031007751938,3.367295829986474
144.0,170.0,133.0,192.0,8.0,814.0,805.0,28,29.87,1.3333333333333333,447.0,0.42953020134228187,1619.0,0.4972205064854849,0.5027794935145151,0.3221476510067114,303.0,0.6778523489932886,3.367295829986474
331.0,170.0,0.0,195.0,8.0,811.0,802.0,28,56.61,0.5891238670694864,501.0,0.38922155688622756,1613.0,0.4972101673899566,0.5027898326100434,0.6606786427145709,170.0,0.3393213572854291,3.367295829986474
155.0,0.0,143.0,193.0,9.0,1047.0,697.0,28,12.46,1.2451612903225806,298.0,0.6476510067114094,1744.0,0.39965596330275227,0.6003440366972477,0.5201342281879194,143.0,0.4798657718120805,3.367295829986474
155.0,183.0,0.0,193.0,9.0,877.0,868.0,28,23.79,1.2451612903225806,338.0,0.5710059171597633,1745.0,0.4974212034383954,0.5025787965616045,0.45857988165680474,183.0,0.5414201183431953,3.367295829986474
135.0,0.0,166.0,180.0,10.0,961.0,805.0,28,13.29,1.3333333333333333,301.0,0.5980066445182725,1766.0,0.45583238958097394,0.5441676104190261,0.4485049833887043,166.0,0.5514950166112956,3.367295829986474
266.0,112.0,87.0,178.0,10.0,910.0,745.0,28,39.42,0.6691729323308271,465.0,0.3827956989247312,1655.0,0.4501510574018127,0.5498489425981873,0.5720430107526882,199.0,0.42795698924731185,3.367295829986474
314.0,145.0,113.0,179.0,8.0,869.0,690.0,28,46.23,0.5700636942675159,572.0,0.3129370629370629,1559.0,0.44259140474663244,0.5574085952533675,0.548951048951049,258.0,0.45104895104895104,3.367295829986474
313.0,145.0,0.0,127.0,8.0,1000.0,822.0,28,44.52,0.4057507987220447,458.0,0.27729257641921395,1822.0,0.45115257958287597,0.5488474204171241,0.6834061135371179,145.0,0.3165938864628821,3.367295829986474
146.0,173.0,0.0,182.0,3.0,986.0,817.0,28,23.74,1.2465753424657535,319.0,0.5705329153605015,1803.0,0.4531336661120355,0.5468663338879645,0.45768025078369906,173.0,0.542319749216301,3.367295829986474
144.0,136.0,106.0,178.0,7.0,941.0,774.0,28,26.14,1.2361111111111112,386.0,0.46113989637305697,1715.0,0.4513119533527697,0.5486880466472304,0.37305699481865284,242.0,0.6269430051813472,3.367295829986474
148.0,0.0,182.0,181.0,15.0,839.0,884.0,28,15.52,1.222972972972973,330.0,0.5484848484848485,1723.0,0.5130586186883344,0.4869413813116657,0.4484848484848485,182.0,0.5515151515151515,3.367295829986474
277.0,117.0,91.0,191.0,7.0,946.0,666.0,28,43.57,0.6895306859205776,485.0,0.3938144329896907,1612.0,0.413151364764268,0.586848635235732,0.5711340206185567,208.0,0.4288659793814433,3.367295829986474
298.0,0.0,107.0,164.0,13.0,953.0,784.0,28,35.86,0.5503355704697986,405.0,0.4049382716049383,1737.0,0.45135290731145655,0.5486470926885435,0.7358024691358025,107.0,0.2641975308641975,3.367295829986474
313.0,145.0,0.0,178.0,8.0,1002.0,689.0,28,41.05,0.5686900958466453,458.0,0.388646288209607,1691.0,0.407451212300414,0.5925487876995861,0.6834061135371179,145.0,0.3165938864628821,3.367295829986474
155.0,184.0,143.0,194.0,9.0,880.0,699.0,28,28.99,1.2516129032258065,482.0,0.4024896265560166,1579.0,0.44268524382520585,0.5573147561747942,0.3215767634854772,327.0,0.6784232365145229,3.367295829986474
289.0,134.0,0.0,195.0,6.0,924.0,760.0,28,46.24,0.6747404844290658,423.0,0.46099290780141844,1684.0,0.4513064133016627,0.5486935866983373,0.6832151300236406,134.0,0.31678486997635935,3.367295829986474
148.0,175.0,0.0,171.0,2.0,1000.0,828.0,28,26.92,1.1554054054054055,323.0,0.5294117647058824,1828.0,0.45295404814004375,0.5470459518599562,0.4582043343653251,175.0,0.541795665634675,3.367295829986474
145.0,0.0,179.0,202.0,8.0,824.0,869.0,28,10.54,1.393103448275862,324.0,0.6234567901234568,1693.0,0.5132900177200236,0.48670998227997636,0.44753086419753085,179.0,0.5524691358024691,3.367295829986474
313.0,0.0,0.0,178.0,8.0,1000.0,822.0,28,25.1,0.5686900958466453,313.0,0.5686900958466453,1822.0,0.45115257958287597,0.5488474204171241,1.0,0.0,0.0,3.367295829986474
136.0,162.0,126.0,172.0,10.0,923.0,764.0,28,29.07,1.2647058823529411,424.0,0.4056603773584906,1687.0,0.45287492590397155,0.5471250740960285,0.32075471698113206,288.0,0.6792452830188679,3.367295829986474
155.0,0.0,143.0,193.0,9.0,877.0,868.0,28,9.74,1.2451612903225806,298.0,0.6476510067114094,1745.0,0.4974212034383954,0.5025787965616045,0.5201342281879194,143.0,0.4798657718120805,3.367295829986474
255.0,99.0,77.0,189.0,6.0,919.0,749.0,28,33.8,0.7411764705882353,431.0,0.4385150812064965,1668.0,0.4490407673860911,0.5509592326139089,0.5916473317865429,176.0,0.40835266821345706,3.367295829986474
162.0,207.0,172.0,216.0,10.0,822.0,638.0,28,39.84,1.3333333333333333,541.0,0.39926062846580407,1460.0,0.436986301369863,0.563013698630137,0.29944547134935307,379.0,0.7005545286506469,3.367295829986474
136.0,196.0,98.0,199.0,6.0,847.0,783.0,28,26.97,1.463235294117647,430.0,0.4627906976744186,1630.0,0.4803680981595092,0.5196319018404908,0.31627906976744186,294.0,0.6837209302325581,3.367295829986474
164.0,163.0,128.0,197.0,8.0,961.0,641.0,28,27.23,1.201219512195122,455.0,0.432967032967033,1602.0,0.40012484394506864,0.5998751560549314,0.36043956043956044,291.0,0.6395604395604395,3.367295829986474
162.0,214.0,164.0,202.0,10.0,820.0,680.0,28,30.65,1.2469135802469136,540.0,0.37407407407407406,1500.0,0.4533333333333333,0.5466666666666666,0.3,378.0,0.7,3.367295829986474
157.0,214.0,152.0,200.0,9.0,819.0,704.0,28,33.05,1.2738853503184713,523.0,0.3824091778202677,1523.0,0.46224556795797767,0.5377544320420223,0.30019120458891013,366.0,0.6998087954110899,3.367295829986474
149.0,153.0,194.0,192.0,8.0,935.0,623.0,28,24.58,1.2885906040268456,496.0,0.3870967741935484,1558.0,0.3998716302952503,0.6001283697047497,0.3004032258064516,347.0,0.6995967741935484,3.367295829986474
135.0,105.0,193.0,196.0,6.0,965.0,643.0,28,21.91,1.451851851851852,433.0,0.45265588914549654,1608.0,0.39987562189054726,0.6001243781094527,0.3117782909930716,298.0,0.6882217090069284,3.367295829986474
159.0,209.0,161.0,201.0,7.0,848.0,669.0,28,30.88,1.2641509433962264,529.0,0.3799621928166352,1517.0,0.44100197758734344,0.5589980224126566,0.3005671077504726,370.0,0.6994328922495274,3.367295829986474
144.0,15.0,195.0,176.0,6.0,1021.0,709.0,28,15.34,1.2222222222222223,354.0,0.4971751412429379,1730.0,0.4098265895953757,0.5901734104046242,0.4067796610169492,210.0,0.5932203389830508,3.367295829986474
154.0,174.0,185.0,228.0,7.0,845.0,612.0,28,24.34,1.4805194805194806,513.0,0.4444444444444444,1457.0,0.4200411805078929,0.579958819492107,0.3001949317738791,359.0,0.6998050682261209,3.367295829986474
167.0,187.0,195.0,185.0,7.0,898.0,636.0,28,23.89,1.1077844311377245,549.0,0.33697632058287796,1534.0,0.41460234680573665,0.5853976531942634,0.30418943533697634,382.0,0.6958105646630237,3.367295829986474
184.0,86.0,190.0,213.0,6.0,923.0,623.0,28,22.93,1.1576086956521738,460.0,0.46304347826086956,1546.0,0.40297542043984474,0.5970245795601552,0.4,276.0,0.6,3.367295829986474
156.0,178.0,187.0,221.0,7.0,854.0,614.0,28,29.41,1.4166666666666667,521.0,0.42418426103646834,1468.0,0.41825613079019075,0.5817438692098093,0.29942418426103645,365.0,0.7005758157389635,3.367295829986474
236.9,91.7,71.5,246.9,6.0,852.9,695.4,28,28.63,1.0422119037568593,400.1,0.6170957260684828,1548.3,0.44913776399922495,0.550862236000775,0.5921019745063734,163.2,0.4078980254936265,3.367295829986474
313.3,0.0,113.0,178.5,8.0,1001.9,688.7,28,36.8,0.5697414618576444,426.3,0.4187192118226601,1690.6,0.40737016443866086,0.5926298355613392,0.7349284541402769,113.0,0.2650715458597232,3.367295829986474
154.8,183.4,0.0,193.3,9.1,1047.4,696.7,28,18.29,1.2487080103359174,338.20000000000005,0.5715552927261974,1744.1000000000001,0.39946104007797717,0.6005389599220228,0.4577173270254287,183.4,0.5422826729745712,3.367295829986474
145.9,230.5,0.0,202.5,3.4,827.0,871.8,28,32.72,1.3879369431117203,376.4,0.5379914984059512,1698.8,0.5131857781963739,0.4868142218036261,0.38761955366631246,230.5,0.6123804463336876,3.367295829986474
296.0,0.0,106.7,221.4,10.5,819.2,778.4,28,31.42,0.7479729729729729,402.7,0.5497889247578843,1597.6,0.4872308462694041,0.512769153730596,0.7350384901912094,106.7,0.2649615098087907,3.367295829986474
133.1,210.2,0.0,195.7,3.1,949.4,795.3,28,28.94,1.4703230653643877,343.29999999999995,0.5700553451791437,1744.6999999999998,0.45583767983034335,0.5441623201696567,0.38770754442178856,210.2,0.6122924555782115,3.367295829986474
313.3,145.0,0.0,178.5,8.0,867.2,824.0,28,40.93,0.5697414618576444,458.3,0.3894828714815623,1691.2,0.48722800378429515,0.5127719962157048,0.6836133536984508,145.0,0.31638664630154917,3.367295829986474
151.6,0.0,111.9,184.4,7.9,992.0,815.9,28,12.18,1.216358839050132,263.5,0.6998102466793169,1807.9,0.4512970850157641,0.5487029149842358,0.5753320683111954,111.9,0.42466793168880457,3.367295829986474
153.1,145.0,113.0,178.5,8.0,1001.9,688.7,28,25.56,1.1659046374918354,411.1,0.43420092434930674,1690.6,0.40737016443866086,0.5926298355613392,0.372415470688397,258.0,0.627584529311603,3.367295829986474
139.9,132.6,103.3,200.3,7.4,916.0,753.4,28,36.44,1.4317369549678343,375.8,0.5329962746141564,1669.4,0.4512998682161255,0.5487001317838744,0.3722724853645556,235.89999999999998,0.6277275146354443,3.367295829986474
149.5,236.0,0.0,175.8,12.6,846.8,892.7,28,32.96,1.1759197324414716,385.5,0.4560311284046693,1739.5,0.5131934463926416,0.4868065536073584,0.38780804150453957,236.0,0.6121919584954605,3.367295829986474
299.8,0.0,119.8,211.5,9.9,878.2,727.6,28,23.84,0.7054703135423616,419.6,0.5040514775977121,1605.8000000000002,0.45310748536554984,0.5468925146344501,0.7144899904671115,119.8,0.28551000953288846,3.367295829986474
153.1,145.0,113.0,178.5,8.0,867.2,824.0,28,26.23,1.1659046374918354,411.1,0.43420092434930674,1691.2,0.48722800378429515,0.5127719962157048,0.372415470688397,258.0,0.627584529311603,3.367295829986474
148.1,0.0,136.6,158.1,16.1,1001.8,830.1,28,17.96,1.0675219446320054,284.7,0.5553213909378293,1831.9,0.4531360882144222,0.5468639117855778,0.52019669827889,136.6,0.47980330172110996,3.367295829986474
326.5,0.0,137.9,199.0,10.8,801.1,792.5,28,38.63,0.6094946401225115,464.4,0.42850990525409133,1593.6,0.4973017068273093,0.5026982931726908,0.7030577088716624,137.9,0.29694229112833764,3.367295829986474
152.7,144.7,0.0,178.1,8.0,999.7,822.2,28,19.01,1.16633922724296,297.4,0.5988567585743108,1821.9,0.451287117844009,0.548712882155991,0.5134498991257566,144.7,0.48655010087424344,3.367295829986474
261.9,110.5,86.1,195.4,5.0,895.2,732.6,28,33.72,0.7460862924780451,458.5,0.4261723009814613,1627.8000000000002,0.45005528934758565,0.5499447106524142,0.5712104689203925,196.6,0.4287895310796074,3.367295829986474
158.4,0.0,194.9,219.7,11.0,897.7,712.9,28,8.54,1.3869949494949494,353.3,0.6218511180300028,1610.6,0.4426300757481684,0.5573699242518316,0.4483441834135296,194.9,0.5516558165864704,3.367295829986474
150.7,0.0,185.3,166.7,15.6,1074.5,678.0,28,13.46,1.106171201061712,336.0,0.49613095238095234,1752.5,0.3868758915834522,0.6131241084165477,0.4485119047619047,185.3,0.5514880952380953,3.367295829986474
272.6,0.0,89.6,198.7,10.6,931.3,762.2,28,32.25,0.7289068231841525,362.20000000000005,0.5485919381557149,1693.5,0.4500738116327133,0.5499261883672867,0.7526228602981778,89.6,0.24737713970182215,3.367295829986474
149.0,117.6,91.7,182.9,7.1,953.4,780.3,28,23.52,1.22751677852349,358.3,0.510466089868825,1733.6999999999998,0.4500778681432774,0.5499221318567227,0.41585263745464696,209.3,0.584147362545353,3.367295829986474
143.0,169.4,142.7,190.7,8.4,967.4,643.5,28,29.73,1.3335664335664335,455.09999999999997,0.41902878488244344,1610.9,0.39946613694208205,0.6005338630579179,0.31421665568007034,312.1,0.6857833443199298,3.367295829986474
259.9,100.6,78.4,170.6,10.4,935.7,762.9,28,49.77,0.6564063101192766,438.9,0.38869902027796766,1698.6,0.44913458141999296,0.5508654185800071,0.5921622237411711,179.0,0.4078377762588289,3.367295829986474
312.9,160.5,0.0,177.6,9.6,916.6,759.5,28,52.45,0.5675934803451582,473.4,0.37515842839036756,1676.1,0.4531352544597578,0.5468647455402422,0.6609632446134347,160.5,0.3390367553865653,3.367295829986474
284.0,119.7,0.0,168.3,7.2,970.4,794.2,28,40.93,0.592605633802817,403.7,0.4168937329700273,1764.6,0.4500736710869319,0.5499263289130681,0.7034926925935101,119.7,0.29650730740649,3.367295829986474
336.5,0.0,0.0,181.9,3.4,985.8,816.8,28,44.87,0.5405646359583952,336.5,0.5405646359583952,1802.6,0.4531232663929879,0.546876733607012,1.0,0.0,0.0,3.367295829986474
144.8,0.0,133.6,180.8,11.1,979.5,811.5,28,13.2,1.2486187845303867,278.4,0.6494252873563219,1791.0,0.45309882747068675,0.5469011725293133,0.5201149425287357,133.6,0.47988505747126436,3.367295829986474
150.0,236.8,0.0,173.8,11.9,1069.3,674.8,28,37.43,1.1586666666666667,386.8,0.4493278179937953,1744.1,0.38690442061808383,0.6130955793819162,0.38779731127197514,236.8,0.6122026887280249,3.367295829986474
143.7,170.2,132.6,191.6,8.5,814.1,805.3,28,29.87,1.3333333333333335,446.5,0.42911534154535275,1619.4,0.4972829443003581,0.5027170556996419,0.32183650615901455,302.79999999999995,0.6781634938409853,3.367295829986474
330.5,169.6,0.0,194.9,8.1,811.0,802.3,28,56.62,0.5897125567322239,500.1,0.38972205558888223,1613.3,0.49730366329882847,0.5026963367011715,0.660867826434713,169.6,0.3391321735652869,3.367295829986474
154.8,0.0,142.8,193.3,9.1,1047.4,696.7,28,12.46,1.2487080103359174,297.6,0.6495295698924731,1744.1000000000001,0.39946104007797717,0.6005389599220228,0.5201612903225806,142.8,0.4798387096774194,3.367295829986474
154.8,183.4,0.0,193.3,9.1,877.2,867.7,28,23.79,1.2487080103359174,338.20000000000005,0.5715552927261974,1744.9,0.4972777809616597,0.5027222190383404,0.4577173270254287,183.4,0.5422826729745712,3.367295829986474
134.7,0.0,165.7,180.2,10.0,961.0,804.9,28,13.29,1.3377876763177432,300.4,0.5998668442077231,1765.9,0.45580157426807855,0.5441984257319213,0.4484021304926764,165.7,0.5515978695073236,3.367295829986474
266.2,112.3,87.5,177.9,10.4,909.7,744.5,28,39.42,0.6682945154019535,466.0,0.3817596566523605,1654.2,0.45006649740055615,0.5499335025994438,0.5712446351931331,199.8,0.428755364806867,3.367295829986474
314.0,145.3,113.2,178.9,8.0,869.1,690.2,28,46.23,0.5697452229299363,572.5,0.31248908296943234,1559.3000000000002,0.4426345154877188,0.5573654845122811,0.548471615720524,258.5,0.451528384279476,3.367295829986474
312.7,144.7,0.0,127.3,8.0,999.7,822.2,28,44.52,0.4070994563479373,457.4,0.27831219938784435,1821.9,0.451287117844009,0.548712882155991,0.6836466987319633,144.7,0.31635330126803674,3.367295829986474
145.7,172.6,0.0,181.9,3.4,985.8,816.8,28,23.74,1.2484557309540152,318.29999999999995,0.5714734527175621,1802.6,0.4531232663929879,0.546876733607012,0.4577442664153315,172.6,0.5422557335846686,3.367295829986474
143.8,136.3,106.2,178.1,7.5,941.5,774.3,28,26.15,1.2385257301808066,386.3,0.46104064198809214,1715.8,0.4512763725375918,0.5487236274624082,0.3722495469842092,242.5,0.6277504530157908,3.367295829986474
148.1,0.0,182.1,181.4,15.0,838.9,884.3,28,15.53,1.224848075624578,330.2,0.5493640218049667,1723.1999999999998,0.5131731662024142,0.4868268337975859,0.4485160508782556,182.1,0.5514839491217444,3.367295829986474
277.0,116.8,91.0,190.6,7.0,946.5,665.6,28,43.58,0.688086642599278,484.8,0.39315181518151815,1612.1,0.4128776130512996,0.5871223869487004,0.5713696369636964,207.8,0.42863036303630364,3.367295829986474
298.1,0.0,107.5,163.6,12.8,953.2,784.0,28,35.87,0.5488091244548808,405.6,0.403353057199211,1737.2,0.45130094404789317,0.5486990559521069,0.7349605522682446,107.5,0.2650394477317554,3.367295829986474
313.3,145.0,0.0,178.5,8.0,1001.9,688.7,28,41.05,0.5697414618576444,458.3,0.3894828714815623,1690.6,0.40737016443866086,0.5926298355613392,0.6836133536984508,145.0,0.31638664630154917,3.367295829986474
155.2,183.9,143.2,193.8,9.2,879.6,698.5,28,28.99,1.2487113402061858,482.3,0.4018245905038358,1578.1,0.44262087320195176,0.5573791267980484,0.32179141613103873,327.1,0.6782085838689612,3.367295829986474
289.0,133.7,0.0,194.9,5.5,924.1,760.1,28,46.25,0.6743944636678201,422.7,0.46108351076413534,1684.2,0.4513121957012231,0.5486878042987768,0.6837000236574403,133.7,0.31629997634255974,3.367295829986474
147.8,175.1,0.0,171.2,2.2,1000.0,828.5,28,26.92,1.1583220568335586,322.9,0.5301951068442242,1828.5,0.4531036368608149,0.5468963631391851,0.45772685041808614,175.1,0.542273149581914,3.367295829986474
145.4,0.0,178.9,201.7,7.8,824.0,868.7,28,10.54,1.3872077028885832,324.3,0.62195497995683,1692.7,0.5132037573108053,0.48679624268919475,0.44835029293863704,178.9,0.551649707061363,3.367295829986474
312.7,0.0,0.0,178.1,8.0,999.7,822.2,28,25.1,0.5695554844899264,312.7,0.5695554844899264,1821.9,0.451287117844009,0.548712882155991,1.0,0.0,0.0,3.367295829986474
136.4,161.6,125.8,171.6,10.4,922.6,764.4,28,29.07,1.2580645161290323,423.8,0.4049079754601227,1687.0,0.45311203319502075,0.5468879668049793,0.3218499292118924,287.4,0.6781500707881075,3.367295829986474
154.8,0.0,142.8,193.3,9.1,877.2,867.7,28,9.74,1.2487080103359174,297.6,0.6495295698924731,1744.9,0.4972777809616597,0.5027222190383404,0.5201612903225806,142.8,0.4798387096774194,3.367295829986474
255.3,98.8,77.0,188.6,6.5,919.0,749.3,28,33.8,0.7387387387387386,431.1,0.437485502203665,1668.3,0.44913984295390513,0.5508601570460948,0.592205984690327,175.8,0.4077940153096729,3.367295829986474
272.8,105.1,81.8,209.7,9.0,904.0,679.7,28,37.17,0.7686950146627565,459.7,0.4561670654774853,1583.7,0.4291848203573909,0.5708151796426091,0.593430498150968,186.89999999999998,0.40656950184903196,3.367295829986474
162.0,190.1,148.1,178.8,18.8,838.1,741.4,28,33.76,1.1037037037037039,500.20000000000005,0.35745701719312273,1579.5,0.46938904716682495,0.530610952833175,0.32387045181927226,338.2,0.6761295481807277,3.367295829986474
153.6,144.2,112.3,220.1,10.1,923.2,657.9,28,16.5,1.4329427083333333,410.09999999999997,0.5366983662521336,1581.1,0.4161027133008665,0.5838972866991335,0.3745427944403804,256.5,0.6254572055596197,3.367295829986474
146.5,114.6,89.3,201.9,8.8,860.0,829.5,28,19.99,1.3781569965870308,350.40000000000003,0.5761986301369862,1689.5,0.49097366084640426,0.5090263391535957,0.41809360730593603,203.89999999999998,0.5819063926940639,3.367295829986474
151.8,178.1,138.7,167.5,18.3,944.0,694.6,28,36.35,1.103425559947299,468.59999999999997,0.3574477166026462,1638.6,0.4238984498962529,0.5761015501037471,0.32394366197183105,316.79999999999995,0.676056338028169,3.367295829986474
309.9,142.8,111.2,167.8,22.1,913.9,651.2,28,38.22,0.5414649887060343,563.9,0.29757049122184787,1565.1,0.41607565011820336,0.5839243498817968,0.5495655258024472,254.0,0.4504344741975528,3.367295829986474
143.6,0.0,174.9,158.4,17.9,942.7,844.5,28,15.42,1.1030640668523677,318.5,0.49733124018838304,1787.2,0.4725268576544315,0.5274731423455685,0.4508634222919937,174.9,0.5491365777080063,3.367295829986474
303.6,139.9,0.0,213.5,6.2,895.5,722.5,28,33.42,0.703227931488801,443.5,0.4813979706877114,1618.0,0.4465389369592089,0.5534610630407911,0.684554678692221,139.9,0.315445321307779,3.367295829986474
374.3,0.0,0.0,190.2,6.7,1013.2,730.4,28,39.06,0.5081485439487042,374.3,0.5081485439487042,1743.6,0.41890341821518695,0.581096581784813,1.0,0.0,0.0,3.367295829986474
158.6,148.9,116.0,175.1,15.0,953.3,719.7,28,27.68,1.1040353089533417,423.5,0.41345926800472255,1673.0,0.43018529587567245,0.5698147041243276,0.3744982290436836,264.9,0.6255017709563163,3.367295829986474
152.6,238.7,0.0,200.0,6.3,1001.8,683.9,28,26.86,1.3106159895150722,391.29999999999995,0.5111167901865576,1685.6999999999998,0.40570682802396635,0.5942931719760337,0.3899821109123435,238.7,0.6100178890876565,3.367295829986474
310.0,142.8,0.0,167.9,10.0,914.3,804.0,28,45.3,0.5416129032258065,452.8,0.3708038869257951,1718.3,0.4679043240412035,0.5320956759587965,0.6846289752650176,142.8,0.31537102473498235,3.367295829986474
304.8,0.0,99.6,196.0,9.8,959.4,705.2,28,30.12,0.6430446194225722,404.4,0.4846686449060337,1664.6,0.4236453201970444,0.5763546798029557,0.7537091988130564,99.6,0.24629080118694363,3.367295829986474
150.9,0.0,183.9,166.6,11.6,991.2,772.2,28,15.57,1.1040424121935055,334.8,0.49761051373954596,1763.4,0.43790404899625723,0.5620959510037428,0.4507168458781362,183.9,0.5492831541218638,3.367295829986474
141.9,166.6,129.7,173.5,10.9,882.6,785.3,28,44.61,1.222692036645525,438.2,0.3959379278868097,1667.9,0.4708315846273757,0.5291684153726243,0.32382473756275676,296.29999999999995,0.6761752624372431,3.367295829986474
297.8,137.2,106.9,201.3,6.0,878.4,655.3,28,53.52,0.6759570181329752,541.9,0.3714707510610814,1533.6999999999998,0.4272673925800352,0.5727326074199648,0.549547887064034,244.1,0.45045211293596604,3.367295829986474
321.3,164.2,0.0,190.5,4.6,870.0,774.0,28,57.22,0.5929038281979458,485.5,0.39237899073120497,1644.0,0.4708029197080292,0.5291970802919708,0.6617919670442842,164.2,0.3382080329557157,3.367295829986474
366.0,187.0,0.0,191.3,6.6,824.3,756.9,28,65.91,0.5226775956284153,553.0,0.34593128390596745,1581.1999999999998,0.47868707310903114,0.5213129268909689,0.6618444846292948,187.0,0.33815551537070526,3.367295829986474
279.8,128.9,100.4,172.4,9.5,825.1,804.9,28,52.83,0.6161543959971408,509.1,0.3386368100569633,1630.0,0.4938036809815951,0.5061963190184049,0.5495973286191318,229.3,0.4504026713808682,3.367295829986474
252.1,97.1,75.6,193.8,8.3,835.5,821.4,28,33.4,0.7687425624752083,424.79999999999995,0.4562146892655368,1656.9,0.49574506608727137,0.5042549339127286,0.5934557438794728,172.7,0.4065442561205273,3.367295829986474
164.6,0.0,150.4,181.6,11.7,1023.3,728.9,28,18.03,1.103280680437424,315.0,0.5765079365079365,1752.1999999999998,0.41599132519118825,0.5840086748088118,0.5225396825396825,150.4,0.4774603174603175,3.367295829986474
155.6,243.5,0.0,180.3,10.7,1022.0,697.7,28,37.36,1.1587403598971724,399.1,0.4517664745677775,1719.7,0.4057102983078444,0.5942897016921556,0.3898772237534452,243.5,0.6101227762465548,3.367295829986474
160.2,188.0,146.4,203.2,11.3,828.7,709.7,28,35.31,1.268414481897628,494.6,0.41083704003234933,1538.4,0.46132345293811755,0.5386765470618825,0.32389809947432263,334.4,0.6761019005256772,3.367295829986474
298.1,0.0,107.0,186.4,6.1,879.0,815.2,28,42.64,0.6252935256625293,405.1,0.46013330041964945,1694.2,0.48117105418486605,0.518828945815134,0.7358676869908665,107.0,0.26413231300913353,3.367295829986474
317.9,0.0,126.5,209.7,5.7,860.5,736.6,28,40.06,0.6596413966656182,444.4,0.4718721872187219,1597.1,0.46121094483751807,0.538789055162482,0.7153465346534653,126.5,0.2846534653465347,3.367295829986474
287.3,120.5,93.9,187.6,9.2,904.4,695.9,28,43.8,0.6529759832927253,501.70000000000005,0.3739286426151086,1600.3,0.434855964506655,0.565144035493345,0.5726529798684472,214.4,0.4273470201315527,3.367295829986474
325.6,166.4,0.0,174.0,8.9,881.6,790.0,28,61.24,0.5343980343980343,492.0,0.35365853658536583,1671.6,0.4726011007418043,0.5273988992581958,0.6617886178861789,166.4,0.3382113821138211,3.367295829986474
355.9,0.0,141.6,193.3,11.0,801.4,778.4,28,40.87,0.543130092722675,497.5,0.3885427135678392,1579.8,0.4927205975439929,0.5072794024560071,0.7153768844221106,141.6,0.28462311557788944,3.367295829986474
132.0,206.5,160.9,178.9,5.5,866.9,735.6,28,33.31,1.3553030303030305,499.4,0.35822987585102123,1602.5,0.45903276131045245,0.5409672386895475,0.2643171806167401,367.4,0.7356828193832599,3.367295829986474
322.5,148.6,0.0,185.8,8.5,951.0,709.5,28,52.43,0.576124031007752,471.1,0.3943960942475058,1660.5,0.42728093947606144,0.5727190605239386,0.6845680322649119,148.6,0.3154319677350881,3.367295829986474
164.2,0.0,200.1,181.2,12.6,849.3,846.0,28,15.09,1.1035322777101095,364.29999999999995,0.49739225912709306,1695.3,0.4990267209343479,0.500973279065652,0.4507274224540214,200.1,0.5492725775459787,3.367295829986474
313.8,0.0,112.6,169.9,10.1,925.3,782.9,28,38.46,0.541427660930529,426.4,0.3984521575984991,1708.1999999999998,0.45831869804472547,0.5416813019552746,0.7359287054409006,112.6,0.26407129455909945,3.367295829986474
321.4,0.0,127.9,182.5,11.5,870.1,779.7,28,37.27,0.5678282514001245,449.29999999999995,0.40618740262630765,1649.8000000000002,0.4726027397260274,0.5273972602739726,0.7153349655018919,127.9,0.2846650344981082,3.367295829986474
139.7,163.9,127.7,236.7,5.8,868.6,655.6,28,35.23,1.6943450250536864,431.3,0.548805935543705,1524.2,0.4301272798845296,0.5698727201154704,0.3239044748434964,291.6,0.6760955251565036,3.367295829986474
288.4,121.0,0.0,177.4,7.0,907.9,829.5,28,42.14,0.615117891816921,409.4,0.4333170493404983,1737.4,0.47743755036261076,0.5225624496373892,0.7044455300439668,121.0,0.29555446995603324,3.367295829986474
298.2,0.0,107.0,209.7,11.1,879.6,744.2,28,31.88,0.7032193158953722,405.2,0.5175222112537019,1623.8000000000002,0.458307673358788,0.5416923266412119,0.7359328726554788,107.0,0.26406712734452126,3.367295829986474
264.5,111.0,86.5,195.5,5.9,832.6,790.4,28,41.54,0.7391304347826086,462.0,0.4231601731601732,1623.0,0.4869993838570548,0.5130006161429452,0.5725108225108225,197.5,0.4274891774891775,3.367295829986474
159.8,250.0,0.0,168.4,12.2,1049.3,688.2,28,39.46,1.053817271589487,409.8,0.4109321620302587,1737.5,0.3960863309352518,0.6039136690647482,0.3899463152757443,250.0,0.6100536847242557,3.367295829986474
166.0,259.7,0.0,183.2,12.7,858.8,826.8,28,37.92,1.1036144578313252,425.7,0.4303500117453606,1685.6,0.4905078310393925,0.5094921689606074,0.3899459713413202,259.7,0.6100540286586799,3.367295829986474
276.4,116.0,90.3,179.6,8.9,870.1,768.3,28,44.28,0.6497829232995659,482.7,0.3720737518127201,1638.4,0.46893310546874994,0.53106689453125,0.5726123886471929,206.3,0.4273876113528072,3.367295829986474
322.2,0.0,115.6,196.0,10.4,817.9,813.4,28,31.18,0.6083178150217257,437.79999999999995,0.4476930105070809,1631.3,0.4986207319315883,0.5013792680684117,0.735952489721334,115.6,0.2640475102786661,3.367295829986474
148.5,139.4,108.6,192.7,6.1,892.4,780.0,28,23.7,1.2976430976430975,396.5,0.4860025220680958,1672.4,0.46639559913896195,0.533604400861038,0.3745271122320303,248.0,0.6254728877679697,3.367295829986474
159.1,186.7,0.0,175.6,11.3,989.6,788.9,28,32.77,1.103708359522313,345.79999999999995,0.5078079814921921,1778.5,0.44357604723081245,0.5564239527691875,0.4600925390399075,186.7,0.5399074609600926,3.367295829986474
260.9,100.5,78.3,200.6,8.6,864.5,761.5,28,32.4,0.7688769643541588,439.7,0.4562201501023425,1626.0,0.4683271832718327,0.5316728167281672,0.5933591084830566,178.8,0.4066408915169434,3.367295829986474
